seller_id,seller_city,seller_state,total_orders,total_items_sold,total_revenue,avg_review_score
6560211a19b47992c3666cc44a7e94c0,sao paulo,sp,1819,2002,120983.82,3.95
4a3ca9315b744ce9f8e9374361493884,ibitinga,sp,1772,1971,199408.32,3.83
1f50f920176fa81dab994f9023523100,sao jose do rio preto,sp,1399,1935,107147.91,3.99
ea8482cd71df3c1969d7b9473ff13abc,sao paulo,sp,1132,1188,36696.76,3.98
7c67e1448b00f6e969d365cea6b010ab,itaquaquecetuba,sp,973,1366,188063.83,3.35
1025f0e2d44d7041d6cf58b6550e0bfa,sao paulo,sp,910,1434,139720.16,3.87
cca3071e3e9bb7d12640c9fbe2301306,ibitinga,sp,699,836,64655.23,3.89
391fc6631aebcf3004804e51b40bcf1e,ibitinga,sp,521,619,40067.23,3.97
d2374cbcbb3ca4ab1086534108cc3ab7,ibitinga,sp,514,646,22026.69,3.64
1835b56ce799e6a4dc4eddc053f04066,ibitinga,sp,417,553,33211.72,3.62
4e922959ae960d389249c378d1c939f5,jacarei,sp,412,446,45338.42,3.9
1900267e848ceeba8fa32d80c1a5f5a8,ibitinga,sp,406,526,24824.46,3.88
2138ccb85b11a4ec1e37afbd1c8eda1f,sao paulo,sp,388,420,12108.21,3.92
8160255418d5aaa7dbdc9f4c64ebda44,ibitinga,sp,380,427,46648.09,3.86
92eb0f42c21942b6552362b9b114707d,sao paulo,sp,334,358,6416.41,3.96
7ddcbb64b5bc1ef36ca8c151f6ec77df,sao paulo,sp,325,335,54630.65,3.97
ef506c96320abeedfb894c34db06f478,sao paulo,sp,316,333,9596.49,3.93
70a12e78e608ac31179aea7f8422044b,jacarei,sp,312,323,29963.53,3.79
897060da8b9a21f655304d50fd935913,ribeirao preto,sp,304,417,22339.36,3.47
855668e0971d4dfd7bef1b6a4133b41b,itatiba,sp,300,313,30899.22,3.84
634964b17796e64304cadf1ad3050fb7,rio de janeiro,rj,265,323,39114.1,3.87
4c2b230173bb36f9b240f2b8ac11786e,sao paulo,sp,258,344,14520.47,3.76
88460e8ebdecbfecb5f9601833981930,maringa,pr,246,309,32184.5,3.37
dc4a0fc896dc34b0d5bfec8438291c80,ibitinga,sp,225,250,24455.58,3.79
e5a3438891c0bfdb9394643f95273d8e,limeira,sp,216,249,7597.56,3.87
d1c281d3ae149232351cd8c8cc885f0d,ibitinga,sp,214,248,27444.52,3.83
7040e82f899a04d1b434b795a43b4617,sao paulo,sp,208,223,9213.7,3.59
001cca7ae9ae17fb1caed9dfb1094831,cariacica,es,195,234,24487.03,3.97
f457c46070d02cadd8a68551231220dd,maringa,pr,195,238,19471.7,3.82
2eb70248d66e0e3ef83659f71b244378,campinas,sp,187,198,39115.62,2.81
f45122a9ab94eb4f3f8953578bc0c560,piracicaba,sp,184,197,21764.68,3.92
522620dcb18a6b31cd7bdf73665113a9,cascavel,pr,172,178,56690.49,3.91
7d76b645482be4a332374e8223836592,sao paulo,sp,172,183,3765.74,3.97
5656537e588803a555b8eb41f07a944b,brasilia,df,171,186,7952.15,3.82
6d66611d7c44cc30ce351abc49a68421,sao paulo,sp,164,174,13428.6,3.93
0dd184061fb0eaa7ca37932c68ab91c5,guarulhos,sp,161,193,18446.92,3.95
2528513dd95219a6013d4d05176e391a,osasco,sp,160,166,32660.2,3.96
0be8ff43f22e456b4e0371b2245e4d01,sao paulo,sp,156,175,11336.0,3.97
25c5c91f63607446a97b143d2d535d31,itauna,mg,156,271,54951.52,3.72
213b25e6f54661939f11710a6fddb871,salto,sp,152,191,15225.8,3.83
36a968b544695394e4e9d7572688598f,santos,sp,148,157,6999.37,3.73
7ad32824caee82087b3e2e5f33b1bf32,ibitinga,sp,147,180,22018.1,3.79
cfb1a033743668a192316f3c6d1d2671,votorantim,sp,143,184,13062.04,3.99
1c68394e931a64f90ea236c5ea590300,sarandi,pr,142,178,26133.56,3.94
44073f8b7e41514de3b7815dd0237f4f,brasilia,df,142,151,18380.64,3.75
3c7c4a49ec3c6550809089c6a2ca9370,sao paulo,sp,139,159,4102.65,3.72
8b28d096634035667e8263d57ba3368c,sao jose dos campos,sp,139,151,9025.3,3.9
710e3548e02bc1d2831dfc4f1b5b14d4,rolandia,pr,131,137,22369.25,3.46
e9d99831abad74458942f21e16f33f92,sao paulo,sp,130,149,4922.48,3.91
8a32e327fe2c1b3511609d81aaf9f042,sao paulo,sp,126,171,6139.1,3.95
59b22a78efb79a4797979612b885db36,uberlandia,mg,125,133,27184.5,3.97
a673821011d0cec28146ea42f5ab767f,sao paulo,sp,125,144,13600.79,3.91
2c9e548be18521d1c43cde1c582c6de8,mogi das cruzes,sp,124,171,6013.56,3.95
cd68562d3f44870c08922d380acae552,ribeirao preto,sp,122,129,18119.7,3.91
dd7ddc04e1b6c2c614352b383efe2d36,sao paulo,sp,121,142,9148.61,3.78
c31eff8334d6b3047ed34bebd4d62c36,salto,sp,120,121,12991.61,3.88
e5a38146df062edaf55c38afa99e42dc,sao paulo,sp,120,126,15421.87,3.98
229c3efbfb0ea2058de4ccdfbc3d784a,belo horizonte,mg,118,145,15479.0,3.64
431af27f296bc6519d890aa5a05fdb11,ribeirao preto,sp,116,125,13014.5,3.81
c33847515fa6305ce6feb1e818569f13,brusque,sc,114,128,15519.85,3.72
18a349e75d307f4b4cc646a691ed4216,sao paulo,sp,109,128,7425.21,3.52
1ca7077d890b907f89be8c954a02686a,santana de parnaiba,sp,108,127,12474.64,2.27
f4aba7c0bca51484c30ab7bdc34bcdd1,sao paulo,sp,108,115,2951.9,3.9
b1fc4f64df5a0e8b6913ab38803c57a9,sao goncalo,rj,107,121,7994.74,3.78
dd2bdf855a9172734fbc3744021ae9b9,belo horizonte,mg,105,111,10866.9,3.82
00fc707aaaad2d31347cf883cd2dfe10,maringa,pr,103,142,13409.9,3.74
3b15288545f8928d3e65a8f949a28291,ibitinga,sp,101,121,14084.79,3.91
b2479f944e1b90cf8a5de1bbfde284d6,ibitinga,sp,101,132,4848.5,3.32
a49928bcdf77c55c6d6e05e09a9b4ca5,sao paulo,sp,96,104,8646.9,2.97
04308b1ee57b6625f47df1d56f00eedf,bombinhas,sc,92,92,58991.8,3.95
8444e55c1f13cd5c179851e5ca5ebd00,congonhal,mg,92,102,21480.96,3.16
1d8dbc4f32378d715c717c1c1fc57bae,arapongas,pr,91,97,11205.99,3.93
440dd6ab244315c632130ecfb63827b1,votuporanga,sp,91,92,13089.0,3.89
06e5eefc71ec47ae763c5c6f8db7064f,porto alegre,rs,90,93,21648.67,3.96
6973a06f484aacf400ece213dbf3d946,sao jose dos campos,sp,89,110,10593.1,3.67
98dac6635aee4995d501a3972e047414,sao paulo,sp,89,190,4115.75,3.89
f84a00e60c73a49e7e851c9bdca3a5bb,rio de janeiro,rj,88,97,5849.24,3.72
609e1a9a6c2539919b8205cf7c4e6ff0,brusque,sc,87,130,6595.23,3.6
d20b021d3efdf267a402c402a48ea64b,ibitinga,sp,86,103,4002.29,3.71
891071be6ba827b591264c90c2ae8a63,sao paulo,sp,85,91,3793.34,3.87
8e6d7754bc7e0f22c96d255ebda59eba,sao jose dos campos,sp,84,132,14346.57,3.03
688756f717c462a206ad854c5027a64a,guarulhos,sp,81,100,5956.66,3.78
972d0f9cf61b499a4812cf0bfa3ad3c4,brusque,sc,81,86,7910.42,2.96
e8b3a3a38279a82f0e5d006d5e5b7d2c,jussara,pr,80,86,11962.3,3.94
f46490624488d3ff7ce78613913a7711,guarulhos,sp,80,87,5690.95,3.57
d673a59aac7a70d8b01e6902bf090a11,ibitinga,sp,79,85,3936.84,3.98
b14db04aa7881970e83ffa9426897925,sorocaba,sp,78,105,5595.9,3.8
712e6ed8aa4aa1fa65dab41fed5737e4,videira,sc,77,86,39477.0,3.47
d05ae8f7a5bd1d2a690a44cd079e4e27,rio de janeiro,rj,77,80,13244.0,3.82
f3da5b2ff499efb8d4a6d371d175d7dd,sao paulo,sp,77,83,3599.79,3.9
11bfa66332777660bd0640ee84d47006,ribeirao preto,sp,76,103,4146.86,3.78
1336efc61c316ddf92c899eb817f7cae,assis,sp,74,85,4837.31,3.94
701938c450705b8ae65fc923b70f35c7,s jose do rio preto,sp,74,111,11879.29,3.75
cac4c8e7b1ca6252d8f20b2fc1a2e4af,indaiatuba,sp,74,83,4228.18,3.55
54965bbe3e4f07ae045b90b0b8541f52,foz do iguacu,pr,73,81,10351.7,3.07
9e6229250fedbe05838fef417b74e7fb,mirandopolis,sp,73,77,12962.3,3.9
a7f13822ceb966b076af67121f87b063,itaquaquecetuba,sp,73,84,12017.69,3.49
5343d0649eca2a983820bfe93fc4d17e,santo andre,sp,70,110,9819.02,3.64
23613d49c3ac2bd302259e55c06c050c,porto ferreira,sp,69,79,4193.1,3.69
822166ed1e47908f7cfb49946d03c726,tres rios,rj,69,110,3752.31,3.94
f7ccf836d21b2fb1de37564105216cc1,ibitinga,sp,69,73,2748.4,3.86
bbad7e518d7af88a0897397ffdca1979,sao paulo,sp,68,84,4426.32,3.05
ca3bd7cd9f149df75950150d010fe4a2,sao paulo,sp,68,135,9253.47,3.79
5f2684dab12e59f83bef73ae57724e45,sao paulo,sp,67,73,8870.97,3.75
6fd52c528dcb38be2eea044946b811f8,sao paulo,sp,67,84,7743.02,3.5
a420f60ff1aa9acc80d0e42959f2b313,sao paulo,sp,67,69,7443.3,3.93
066a6914e1ebf3ea95a216c73a986b91,foz do iguacu,pr,66,72,8956.38,3.97
48162d548f5b1b11b9d29d1e01f75a61,piracicaba,sp,66,89,20109.39,3.82
4a3ccda38b2129705f3fb522db62ca31,marilia,sp,64,74,16730.99,3.81
beadbee30901a7f61d031b6b686095ad,guarulhos,sp,64,68,4373.98,3.94
4c18691b6037662be2df78a765d98ab5,sao paulo,sp,63,67,3195.52,3.84
6039e27294dc75811c0d8a39069f52c0,osasco,sp,63,75,13630.7,3.88
8e8a7ce9f2f970dc00e2acf6f6e199f6,sao goncalo,rj,63,65,8956.0,3.98
5058e8c1e82653974541e83690655b4a,itaquaquecetuba,sp,62,77,9812.83,3.08
e62b2d6ac10570a035a30bafcf01d263,sao paulo,sp,62,71,5340.39,3.83
06579cb253ecd5a3a12a9e6eb6bf8f47,sao paulo  sp,sp,61,70,4587.4,3.84
fcb5ace8bcc92f75707dc0f01a27d269,guarulhos,sp,59,71,8036.45,3.91
75d34ebb1bd0bd7dde40dd507b8169c3,salvador,ba,57,67,12656.33,3.99
fffd5413c0700ac820c7069d66d98c89,amparo,sp,57,58,8535.0,3.91
4992e76a42cb3aad7a7047e0d3d7e729,sao paulo,sp,56,73,2171.2,3.88
7a241947449cc45dbfda4f9d0798d9d0,jacutinga,mg,56,66,7434.66,3.78
3df020b72d3d44b3af9d110fa3940b65,jales,sp,55,101,5039.9,3.95
fa1a9dec3a9940c072684a46728bf1fc,icara,sc,55,60,6674.0,3.98
2a261b5b644fa05f4f2700eb93544f2c,porto ferreira,sp,51,83,5405.0,3.34
318f287a62ab7ac10b703ac37435a231,sao paulo,sp,51,61,2432.48,3.92
7202e2ba20579a9bd1acb29e61fe71f6,franca,sp,51,53,12085.7,3.94
751bdc4d83a466c7206cd42e8f426b03,ribeirao pires,sp,51,70,6592.94,3.63
09f952a5f58d2285b0372551ae8f9b01,sao bernardo do campo,sp,50,56,11821.5,3.88
0b35c634521043bf4b47e21547b99ab5,teixeira soares,pr,50,77,13235.65,3.53
165fc07beebdcb6190fba8a06db2a449,maringa,pr,50,64,17481.4,3.69
23d7c96d4a1160db1c726b248601b25a,capivari,sp,50,53,10868.14,3.92
50c9975695009e5e6473912e83a6d1da,claudio,mg,50,68,3964.4,3.99
95f83f51203c626648c875dd41874c7f,borda da mata,mg,50,65,3077.66,3.22
b17b679f4f5ce2e03ce6968c62648246,ribeirao preto,sp,50,51,3424.18,3.92
ea566164622c6b439516ab18062c42cd,sao  paulo,sp,50,52,10309.42,3.75
