date,order_count,revenue,order_count_roll_mean,order_count_roll_std,order_count_zscore,revenue_roll_mean,revenue_roll_std,revenue_zscore,has_anomaly
2016-09-04,1,136.23,,,,,,,False
2016-09-05,1,75.06,,,,,,,False
2016-09-06,0,0.0,,,,,,,False
2016-09-07,0,0.0,,,,,,,False
2016-09-08,0,0.0,,,,,,,False
2016-09-09,0,0.0,,,,,,,False
2016-09-10,0,0.0,0.2857142857142857,0.4879500364742666,-0.5855400437691198,30.184285714285714,54.490027790151004,-0.5539414630238357,False
2016-09-11,0,0.0,0.25,0.4629100498862757,-0.5400617248673217,26.41125,51.5643612910811,-0.512199692553319,False
2016-09-12,0,0.0,0.2222222222222222,0.44095855184409843,-0.5039526306789696,23.476666666666667,49.03089791141908,-0.4788137208721004,False
2016-09-13,0,0.0,0.2,0.4216370213557839,-0.47434164902525694,21.128999999999998,46.819120132697925,-0.45128998452159613,False
2016-09-14,0,0.0,0.18181818181818182,0.40451991747794525,-0.44946657497549475,19.208181818181817,44.87105945220858,-0.42807506782049876,False
2016-09-15,1,0.0,0.25,0.45226701686664544,1.6583123951777,17.607499999999998,43.14070828537284,-0.4081411896051309,False
2016-09-16,0,0.0,0.23076923076923078,0.4385290096535146,-0.5262348115842176,16.25307692307692,41.59176989594123,-0.3907762753001524,False
2016-09-17,0,0.0,0.21428571428571427,0.42581531362632,-0.5032362797401965,15.092142857142857,40.19548160190137,-0.3754686411427137,False
2016-09-18,0,0.0,0.14285714285714285,0.3631365196012814,-0.3933978962347216,5.361428571428571,20.060628817946586,-0.26726124191242423,False
2016-09-19,0,0.0,0.07142857142857142,0.26726124191242434,-0.2672612419124244,0.0,,,False
2016-09-20,0,0.0,0.07142857142857142,0.26726124191242434,-0.2672612419124244,0.0,,,False
2016-09-21,0,0.0,0.07142857142857142,0.26726124191242434,-0.2672612419124244,0.0,,,False
2016-09-22,0,0.0,0.07142857142857142,0.26726124191242434,-0.2672612419124244,0.0,,,False
2016-09-23,0,0.0,0.07142857142857142,0.26726124191242434,-0.2672612419124244,0.0,,,False
2016-09-24,0,0.0,0.07142857142857142,0.26726124191242434,-0.2672612419124244,0.0,,,False
2016-09-25,0,0.0,0.07142857142857142,0.26726124191242434,-0.2672612419124244,0.0,,,False
2016-09-26,0,0.0,0.07142857142857142,0.26726124191242434,-0.2672612419124244,0.0,,,False
2016-09-27,0,0.0,0.07142857142857142,0.26726124191242434,-0.2672612419124244,0.0,,,False
2016-09-28,0,0.0,0.07142857142857142,0.26726124191242434,-0.2672612419124244,0.0,,,False
2016-09-29,0,0.0,0.0,,,0.0,,,False
2016-09-30,0,0.0,0.0,,,0.0,,,False
2016-10-01,0,0.0,0.0,,,0.0,,,False
2016-10-02,1,109.34,0.07142857142857142,0.2672612419124244,3.474396144861517,7.8100000000000005,29.222344190704483,3.474396144861517,True
2016-10-03,8,595.14,0.6428571428571429,2.1342317247536773,3.447209022249907,50.32,159.49377166522834,3.415932762211915,True
2016-10-04,60,11295.48,4.928571428571429,15.992615053947127,3.4435536893534135,857.14,3008.556637980821,3.469550770034911,True
2016-10-05,42,9645.94,7.928571428571429,18.706084101638762,1.8214089269727871,1546.1357142857144,3798.083268736633,2.1326031349514216,False
2016-10-06,49,9065.85,11.428571428571429,21.48600362208737,1.748646664696899,2193.6964285714284,4259.067735671752,1.6135346977158784,False
2016-10-07,45,8144.2699999999995,14.642857142857142,22.960190105274165,1.3221642642309632,2775.43,4486.516382330848,1.1966611826369316,False
2016-10-08,40,9383.369999999999,17.5,23.480761355760034,0.9582312796037405,3445.6707142857144,4734.062517733278,1.2542502899934922,False
2016-10-09,26,4152.11,19.357142857142858,23.013732164337622,0.2886475385835506,3742.25,4630.5216765301275,0.0885127051833882,False
2016-10-10,37,4493.39,22.0,22.742708045234394,0.6595520625848761,4063.2064285714287,4505.211484740767,0.09548576640311142,False
2016-10-11,0,0.0,22.0,22.742708045234394,-0.9673430251244849,4063.2064285714287,4505.211484740767,-0.9018902758135955,True
2016-10-12,0,0.0,22.0,22.742708045234394,-0.9673430251244849,4063.2064285714287,4505.211484740767,-0.9018902758135955,True
2016-10-13,0,0.0,22.0,22.742708045234394,-0.9673430251244849,4063.2064285714287,4505.211484740767,-0.9018902758135955,True
2016-10-14,0,0.0,22.0,22.742708045234394,-0.9673430251244849,4063.2064285714287,4505.211484740767,-0.9018902758135955,True
2016-10-15,0,0.0,22.0,22.742708045234394,-0.9673430251244849,4063.2064285714287,4505.211484740767,-0.9018902758135955,True
2016-10-16,0,0.0,21.928571428571427,22.815191584401983,-0.9611390440202698,4055.3964285714287,4512.681529184184,-0.8986666580268463,True
2016-10-17,0,0.0,21.357142857142858,23.286203055613267,-0.9171586628415405,4012.8864285714285,4550.430206457419,-0.8818696796792589,True
2016-10-18,0,0.0,17.071428571428573,21.04012388715459,-0.8113749074382123,3206.066428571429,4142.992833302268,-0.773852757552554,True
2016-10-19,0,0.0,14.071428571428571,20.18935090858273,-0.6969728068596125,2517.070714285714,3775.405673836642,-0.666702053167128,True
2016-10-20,0,0.0,10.571428571428571,17.770824342224472,-0.5948755312554784,1869.51,3315.1910325813337,-0.5639222541406094,True
2016-10-21,0,0.0,7.357142857142857,14.90279861614612,-0.49367525165185533,1287.7764285714286,2804.6808385724553,-0.4591525748173505,True
2016-10-22,0,0.0,4.5,11.640446726822821,-0.3865831016288018,617.5357142857143,1571.1746249307782,-0.39304078902936795,True
2016-10-23,0,0.0,2.642857142857143,9.88866595075971,-0.2672612419124242,320.9564285714286,1200.908991796868,-0.26726124191242456,True
2016-10-24,0,0.0,0.0,,,0.0,,,True
2016-10-25,0,0.0,0.0,,,0.0,,,True
2016-10-26,0,0.0,0.0,,,0.0,,,True
2016-10-27,0,0.0,0.0,,,0.0,,,True
2016-10-28,0,0.0,0.0,,,0.0,,,True
2016-10-29,0,0.0,0.0,,,0.0,,,True
2016-10-30,0,0.0,0.0,,,0.0,,,True
2016-10-31,0,0.0,0.0,,,0.0,,,True
2016-11-01,0,0.0,0.0,,,0.0,,,True
2016-11-02,0,0.0,0.0,,,0.0,,,True
2016-11-03,0,0.0,0.0,,,0.0,,,True
2016-11-04,0,0.0,0.0,,,0.0,,,True
2016-11-05,0,0.0,0.0,,,0.0,,,True
2016-11-06,0,0.0,0.0,,,0.0,,,True
2016-11-07,0,0.0,0.0,,,0.0,,,True
2016-11-08,0,0.0,0.0,,,0.0,,,True
2016-11-09,0,0.0,0.0,,,0.0,,,True
2016-11-10,0,0.0,0.0,,,0.0,,,True
2016-11-11,0,0.0,0.0,,,0.0,,,True
2016-11-12,0,0.0,0.0,,,0.0,,,True
2016-11-13,0,0.0,0.0,,,0.0,,,True
2016-11-14,0,0.0,0.0,,,0.0,,,True
2016-11-15,0,0.0,0.0,,,0.0,,,True
2016-11-16,0,0.0,0.0,,,0.0,,,True
2016-11-17,0,0.0,0.0,,,0.0,,,True
2016-11-18,0,0.0,0.0,,,0.0,,,True
2016-11-19,0,0.0,0.0,,,0.0,,,True
2016-11-20,0,0.0,0.0,,,0.0,,,True
2016-11-21,0,0.0,0.0,,,0.0,,,True
2016-11-22,0,0.0,0.0,,,0.0,,,True
2016-11-23,0,0.0,0.0,,,0.0,,,True
2016-11-24,0,0.0,0.0,,,0.0,,,True
2016-11-25,0,0.0,0.0,,,0.0,,,True
2016-11-26,0,0.0,0.0,,,0.0,,,True
2016-11-27,0,0.0,0.0,,,0.0,,,True
2016-11-28,0,0.0,0.0,,,0.0,,,True
2016-11-29,0,0.0,0.0,,,0.0,,,True
2016-11-30,0,0.0,0.0,,,0.0,,,True
2016-12-01,0,0.0,0.0,,,0.0,,,True
2016-12-02,0,0.0,0.0,,,0.0,,,True
2016-12-03,0,0.0,0.0,,,0.0,,,True
2016-12-04,0,0.0,0.0,,,0.0,,,True
2016-12-05,0,0.0,0.0,,,0.0,,,True
2016-12-06,0,0.0,0.0,,,0.0,,,True
2016-12-07,0,0.0,0.0,,,0.0,,,True
2016-12-08,0,0.0,0.0,,,0.0,,,True
2016-12-09,0,0.0,0.0,,,0.0,,,True
2016-12-10,0,0.0,0.0,,,0.0,,,True
2016-12-11,0,0.0,0.0,,,0.0,,,True
2016-12-12,0,0.0,0.0,,,0.0,,,True
2016-12-13,0,0.0,0.0,,,0.0,,,True
2016-12-14,0,0.0,0.0,,,0.0,,,True
2016-12-15,0,0.0,0.0,,,0.0,,,True
2016-12-16,0,0.0,0.0,,,0.0,,,True
2016-12-17,0,0.0,0.0,,,0.0,,,True
2016-12-18,0,0.0,0.0,,,0.0,,,True
2016-12-19,0,0.0,0.0,,,0.0,,,True
2016-12-20,0,0.0,0.0,,,0.0,,,True
2016-12-21,0,0.0,0.0,,,0.0,,,True
2016-12-22,0,0.0,0.0,,,0.0,,,True
2016-12-23,1,19.62,0.07142857142857142,0.2672612419124244,3.474396144861517,1.4014285714285715,5.243665566321766,3.474396144861517,True
2016-12-24,0,0.0,0.07142857142857142,0.2672612419124244,-0.26726124191242434,1.4014285714285715,5.243665566321766,-0.2672612419124244,True
2016-12-25,0,0.0,0.07142857142857142,0.2672612419124244,-0.26726124191242434,1.4014285714285715,5.243665566321766,-0.2672612419124244,True
2016-12-26,0,0.0,0.07142857142857142,0.2672612419124244,-0.26726124191242434,1.4014285714285715,5.243665566321766,-0.2672612419124244,True
2016-12-27,0,0.0,0.07142857142857142,0.2672612419124244,-0.26726124191242434,1.4014285714285715,5.243665566321766,-0.2672612419124244,True
2016-12-28,0,0.0,0.07142857142857142,0.2672612419124244,-0.26726124191242434,1.4014285714285715,5.243665566321766,-0.2672612419124244,True
2016-12-29,0,0.0,0.07142857142857142,0.2672612419124244,-0.26726124191242434,1.4014285714285715,5.243665566321766,-0.2672612419124244,True
2016-12-30,0,0.0,0.07142857142857142,0.2672612419124244,-0.26726124191242434,1.4014285714285715,5.243665566321766,-0.2672612419124244,True
2016-12-31,0,0.0,0.07142857142857142,0.2672612419124244,-0.26726124191242434,1.4014285714285715,5.243665566321766,-0.2672612419124244,True
2017-01-01,0,0.0,0.07142857142857142,0.2672612419124244,-0.26726124191242434,1.4014285714285715,5.243665566321766,-0.2672612419124244,True
2017-01-02,0,0.0,0.07142857142857142,0.2672612419124244,-0.26726124191242434,1.4014285714285715,5.243665566321766,-0.2672612419124244,True
2017-01-03,0,0.0,0.07142857142857142,0.2672612419124244,-0.26726124191242434,1.4014285714285715,5.243665566321766,-0.2672612419124244,True
2017-01-04,0,0.0,0.07142857142857142,0.2672612419124244,-0.26726124191242434,1.4014285714285715,5.243665566321766,-0.2672612419124244,True
2017-01-05,32,707.27,2.357142857142857,8.53596141993609,3.4727028022438136,51.92071428571428,188.69494088299018,3.473062301763925,True
2017-01-06,4,988.28,2.5714285714285716,8.536926899014707,0.1673402437985392,121.11071428571428,312.7519218034611,2.772706497577433,True
2017-01-07,4,1447.99,2.857142857142857,8.511143309776921,0.1342777463921116,224.53857142857143,469.67724356293775,2.604876956120791,True
2017-01-08,6,809.63,3.2857142857142856,8.507269031459295,0.31905488168394264,282.3692857142857,489.3363008349525,1.0775017373247224,True
2017-01-09,5,774.51,3.642857142857143,8.46356119679347,0.16035127833151702,337.6914285714286,498.64992463276656,0.8760024816012332,True
2017-01-10,6,1571.17,4.071428571428571,8.41668933373802,0.2291365823425149,449.91785714285714,585.9627057465553,1.9135213416502221,True
2017-01-11,12,3062.33,4.928571428571429,8.579620627387328,0.8242122674813382,668.6557142857143,895.1150947371927,2.674152519366319,True
2017-01-12,13,2502.69,5.857142857142857,8.707707839849466,0.8202913182466885,847.4192857142856,995.5746280837343,1.6626284635956947,True
2017-01-13,11,2780.72,6.642857142857143,8.634520545748043,0.504618969178141,1046.0421428571428,1086.717448799744,1.596254720174753,True
2017-01-14,18,1507.36,7.928571428571429,8.90517814544986,1.1309631774828235,1153.7107142857142,1049.1288429598242,0.33708851690376085,True
2017-01-15,14,2551.34,8.928571428571429,8.730708718384477,0.5808724967252125,1335.9492857142857,1054.8822001273907,1.1521577614438279,True
2017-01-16,19,3712.2400000000002,10.285714285714286,8.712754324097974,1.0001757641878533,1601.1092857142855,1155.0475659966714,1.8277435288684887,False
2017-01-17,32,3893.61,12.571428571428571,9.92056361390735,1.9584140765283822,1879.2242857142858,1207.441372086601,1.668309336464609,False
2017-01-18,33,4683.38,14.928571428571429,10.600901889892242,1.7047067088376067,2213.7514285714287,1292.5222299820616,1.9107049102457963,False
2017-01-19,29,4140.16,14.714285714285714,10.253919111386493,1.393195531438382,2458.9578571428574,1310.248810424238,1.283116709957398,False
2017-01-20,28,4656.05,16.428571428571427,10.330792550684324,1.1200910786522442,2720.941428571429,1359.3324246389195,1.4235727305207155,False
2017-01-21,24,3094.76,17.857142857142858,9.851646819438113,0.6235360702067372,2838.5678571428575,1311.1014641201991,0.1954022246699707,False
2017-01-22,30,4141.87,19.571428571428573,9.716871019910803,1.0732437846712466,3076.585,1213.2508473946532,0.87804183470187,False
2017-01-23,39,7553.889999999999,22.0,10.038387857082968,1.6934990201643783,3560.826428571429,1534.2139842859497,2.602677079160514,True
2017-01-24,40,6794.5,24.428571428571427,9.982402098110036,1.5598879326226205,3933.9214285714284,1644.3066554015397,1.7396867926256847,False
2017-01-25,62,10340.19,28.0,13.51352598752023,2.515997677541677,4453.768571428572,2347.5995524851696,2.507421430686533,True
2017-01-26,85,15111.63,33.142857142857146,19.665890591256037,2.636907930332933,5354.407142857142,3616.9803863133984,2.6976156392951554,True
2017-01-27,61,12756.14,36.714285714285715,19.87433045385457,1.2219638967009396,6066.937142857142,4029.9561961857376,1.6598698674377743,False
2017-01-28,29,5909.98,37.5,19.286304427275294,-0.4407272545163725,6381.409999999999,3812.706464462461,-0.12364707443232573,False
2017-01-29,35,7160.66,39.0,18.098023691510125,-0.22101860778734753,6710.647142857143,3652.1619793495724,0.12321820874522145,False
2017-01-30,51,11911.91,41.285714285714285,17.384469512176103,0.5587910351524858,7296.337857142857,3789.2352784396976,1.218074836661425,False
2017-01-31,67,12687.53,43.785714285714285,18.431488822658373,1.2594905347932452,7924.474999999999,3908.772776204336,1.2185550996968484,False
2017-02-01,67,9570.49,46.214285714285715,19.127823356922416,1.086674311961997,8273.554285714285,3814.1360522015066,0.3400339412478819,False
2017-02-02,68,10483.77,49.0,19.267349823750273,0.9861242035777688,8726.669285714286,3658.9716930653203,0.4802170832903315,False
2017-02-03,57,11425.98,51.07142857142857,18.37416365742644,0.32265802890980727,9210.235714285714,3524.5030871767844,0.6286685614706474,False
2017-02-04,66,15717.21,54.07142857142857,16.990786126215987,0.702061184218322,10111.839285714286,3453.5245240021204,1.6230869870267848,False
2017-02-05,75,10153.24,57.285714285714285,16.3303802368873,1.08474422869055,10541.222857142857,2997.80443401097,-0.12942233747507936,False
2017-02-06,81,11086.04,60.285714285714285,16.568870586961356,1.2501929812033499,10793.519285714285,2873.0890345931602,0.10181400950811055,False
2017-02-07,111,16540.43,65.35714285714286,20.322806979265543,2.2458933546642705,11489.657142857144,3007.179159860434,1.6795716479284417,True
2017-02-08,90,14028.61,67.35714285714286,21.32029420657571,1.062033052802504,11753.115714285714,3059.8379234068407,0.7436649726795787,False
2017-02-09,77,10844.17,66.78571428571429,20.91439905691982,0.48838533139235335,11448.297142857144,2908.339052436919,-0.20772239135974913,False
2017-02-10,66,15674.09,67.14285714285714,20.850593582611825,-0.0548117317777569,11656.722142857145,3107.043699710457,1.2929872397730455,False
2017-02-11,45,5233.15,68.28571428571429,18.951064802349705,-1.228728545259744,11608.377142857144,3206.998112859364,-1.9879110989476019,False
2017-02-12,63,16646.33,70.28571428571429,16.485091499844412,-0.4419577704972432,12285.925,3197.0499078459347,1.3638839322773968,False
2017-02-13,76,12885.869999999999,72.07142857142857,15.563588105744623,0.25242067586724226,12355.49357142857,3198.8814781867536,0.16580058754539007,False
2017-02-14,71,14348.69,72.35714285714286,15.499911378690316,-0.0875581043004347,12474.147857142856,3242.6536534264146,0.5780889182772795,False
2017-02-15,60,8031.5199999999995,71.85714285714286,15.79609076691079,-0.7506378022327443,12364.221428571429,3372.159490239628,-1.2848447533730216,False
2017-02-16,52,7455.28,70.71428571428571,16.65222817813592,-1.1238307278816435,12147.900714285715,3592.036688317998,-1.3063955414339254,False
2017-02-17,45,8059.2,69.85714285714286,17.689010681807492,-1.4052308127501745,11907.416428571427,3753.174089945751,-1.0253231894785488,False
2017-02-18,52,8456.59,68.85714285714286,18.30870807044538,-0.920717223317046,11388.800714285715,3687.2995027473694,-0.7952190246821432,False
2017-02-19,40,4477.65,66.35714285714286,19.739094916734874,-1.335276159739076,10983.401428571431,4120.183181918863,-1.578995675998453,False
2017-02-20,63,9157.3,65.07142857142857,19.293140613318382,-0.10736606408179222,10845.634285714286,4148.634785966834,-0.40696141569878463,False
2017-02-21,41,9333.46,60.07142857142857,15.086745510874445,-1.264118133210505,10330.850714285714,3821.9121344254763,-0.26096641660121433,False
2017-02-22,61,9333.13,58.0,12.415870736837032,0.24162622691449315,9995.459285714285,3675.6826667467562,-0.18019218353811134,False
2017-02-23,59,8571.86,56.714285714285715,11.1660789304625,0.2047016056351314,9833.151428571427,3685.4795236375508,-0.34223265126882,False
2017-02-24,62,7898.75,56.42857142857143,10.959465776664937,0.5083668022661598,9277.77,3303.6452734214704,-0.41742375039309154,False
2017-02-25,42,5012.3099999999995,56.214285714285715,11.226195817260287,-1.2661711897481103,9261.995714285713,3324.9019844170207,-1.2781386441473828,False
2017-02-26,45,6496.46,54.92857142857143,11.4183676976668,-0.8695263361154685,8537.005,2623.50155210038,-0.7777944702820302,False
2017-02-27,43,6836.7699999999995,52.57142857142857,10.05916563074755,-0.951513169459291,8104.926428571429,2334.364860100261,-0.543255448300812,False
2017-02-28,55,12582.52,51.42857142857143,8.608710130437057,0.4148622171399853,7978.771428571427,1993.8717723520865,2.3089491687811625,True
2017-03-01,95,14654.69,53.92857142857143,14.414011803232851,2.849409944441481,8451.855,2676.3007451783774,2.3176898228553076,True
2017-03-02,68,12883.06,55.07142857142857,14.876229287094144,0.8690758376376733,8839.55357142857,2904.2632759938087,1.3922657983504554,False
2017-03-03,72,13919.14,57.0,15.216387926786746,0.9857792842934939,9258.120714285713,3191.239878859399,1.4605668839223112,False
2017-03-04,77,14590.54,58.785714285714285,16.02967714742095,1.136285250586987,9696.259999999998,3480.681575812419,1.4061269016996012,False
2017-03-05,72,8450.31,61.07142857142857,15.414599901064262,0.7089753544506138,9980.021428571428,3170.6355637094844,-0.4824620798682215,False
2017-03-06,99,12421.31,63.642857142857146,18.462465636058415,1.9150823922503621,10213.164999999999,3225.0238496858165,0.6846910605684727,False
2017-03-07,81,13730.64,66.5,17.77097893498535,0.8159370428071442,10527.249285714288,3344.6603731538453,0.9577626296523124,False
2017-03-08,78,16592.07,67.71428571428571,17.94619553180938,0.5731417707715826,11045.744999999999,3690.113499404655,1.5030228747421503,False
2017-03-09,92,13804.61,70.07142857142857,18.85762153904599,1.162849269361294,11419.512857142856,3685.2678082508032,0.6471977796341539,False
2017-03-10,88,14518.92,71.92857142857143,19.277185741437766,0.8337020137167543,11892.382142857141,3622.9573886816215,0.7249706732263403,False
2017-03-11,71,12503.97,74.0,17.267131960862745,-0.1737404918662651,12427.500714285712,3033.9791559282585,0.02520428842263788,False
2017-03-12,64,7853.18,75.35714285714286,15.465132707815066,-0.7343708632648012,12524.409285714284,2845.794089360282,-1.6414502030132294,False
2017-03-13,111,19306.06,80.21428571428571,15.197057262856895,2.02576813084449,13415.072857142859,2879.8594435397463,2.0455814800517844,False
2017-03-14,99,16542.98,83.35714285714286,14.090952595724227,1.1101348213749456,13697.962857142857,2984.4076811383134,0.9532937342434382,False
2017-03-15,107,17215.93,84.21428571428571,15.176796922775477,1.5013519915734186,13880.90857142857,3122.8581312781585,1.0679388202647666,False
2017-03-16,103,16653.72,86.71428571428571,15.183131183240008,1.0726189538355158,14150.24142857143,3192.013791913662,0.7842944093069527,False
2017-03-17,65,13611.28,86.21428571428571,15.807391510734114,-1.3420484777567512,14128.25142857143,3194.787561623698,-0.16181715328473573,False
2017-03-18,73,17943.07,85.92857142857143,16.02144853584768,-0.8069539654697266,14367.717857142856,3353.7922273454487,1.066062504917623,False
2017-03-19,56,7728.08,84.78571428571429,17.585739727354213,-1.6368782167825888,14316.130000000001,3455.8179125687116,-1.9063649088800225,False
2017-03-20,116,19607.3,86.0,19.15925163144233,1.565823163508478,14829.414999999999,3679.1771973358595,1.2986286725900915,False
2017-03-21,93,13236.72,86.85714285714286,19.186762836181376,0.3201612067291136,14794.134999999998,3692.86659975845,-0.4217360573224794,False
2017-03-22,105,16390.14,88.78571428571429,19.580911314647505,0.8280659390023696,14779.71142857143,3685.6914344631077,0.4369406935073931,False
2017-03-23,111,18795.93,90.14285714285714,20.459555386014856,1.0194328500119694,15136.234285714285,3822.9654891009855,0.9572923754397624,False
2017-03-24,77,11670.44,89.35714285714286,20.75723096568134,-0.5953175005651457,14932.77142857143,3932.5753934322183,-0.8295661499636698,False
2017-03-25,75,11064.27,89.64285714285714,20.51118697708141,-0.7138961367383873,14829.935714285715,4018.8509099276584,-0.9370006000928008,False
2017-03-26,64,7642.02,89.64285714285714,20.51118697708141,-1.2501888443369806,14814.852857142856,4047.3442517065405,-1.7722319652247198,False
2017-03-27,109,18732.59,89.5,20.35738384279964,0.957883397521981,14773.890714285712,4001.030382232257,0.9894199512440716,False
2017-03-28,102,14626.67,89.71428571428571,20.480491924037185,0.5998739840469852,14637.011428571428,3968.499691784051,-0.002605878637923983,False
2017-03-29,74,10209.11,87.35714285714286,20.235563297769225,-0.6600825813737222,14136.524285714286,4059.0405667116693,-0.967572070583168,False
2017-03-30,74,11435.0,85.28571428571429,19.99395513044492,-0.5644563175261639,13763.75857142857,4049.7116089398783,-0.575043063878365,False
2017-03-31,70,13753.279999999999,85.64285714285714,19.645344497859117,-0.79626280641512,13773.901428571427,4049.478155388301,-0.005092366912509311,False
2017-04-01,67,19053.91,85.21428571428571,20.004532453454683,-0.9105079439704772,13853.247142857144,4147.1578483312915,1.2540306029671542,False
2017-04-02,65,10608.62,85.85714285714286,19.118485387616,-1.0909411720790956,14059.0,3882.932974319997,-0.8886014831621581,False
2017-04-03,72,10776.9,82.71428571428571,17.31352770980671,-0.6188389734240547,13428.257142857143,3620.6886943071368,-0.7322797861704906,False
2017-04-04,96,14152.99,82.92857142857143,17.468495975565688,0.7482858621436225,13493.705,3625.2385534572863,0.18185975633831286,False
2017-04-05,96,20774.55,82.28571428571429,16.744361032109566,0.8190390596563655,13806.87714285714,4058.219603311149,1.7169284903798339,False
2017-04-06,95,25242.81,81.14285714285714,15.098941087971204,0.9177559390692874,14267.368571428571,4938.234513652483,2.222543582778054,True
2017-04-07,85,15043.72,81.71428571428571,15.08146377015681,0.21786441527088776,14508.317142857142,4883.772013140014,0.10962896214285414,False
2017-04-08,66,10053.58,81.07142857142857,15.573469974060696,-0.9677630352472293,14436.125,4945.675938909043,-0.8861367089423042,False
2017-04-09,73,9689.41,81.71428571428571,14.989373525311914,-0.5813642377761997,14582.367142857143,4755.953857611496,-1.0288066893303403,False
2017-04-10,87,13492.1,80.14285714285714,12.919020818200657,0.5307788379350189,14208.046428571428,4608.111334820551,-0.15536656485738054,False
2017-04-11,77,9822.13,78.35714285714286,11.29061654552244,-0.12020095197379352,13864.865,4751.219756638612,-0.8508836061205787,False
2017-04-12,63,9407.94,77.57142857142857,11.978919212287416,-1.2164226432449665,13807.63857142857,4803.179612139726,-0.9159970949886229,False
2017-04-13,60,11216.11,76.57142857142857,12.852502215009194,-1.2893542669128195,13792.003571428571,4811.845409826761,-0.5353234262613831,False
2017-04-14,53,9532.36,75.35714285714286,14.24838529506016,-1.5691001046198523,13490.509285714284,4944.854449169225,-0.8004581988008332,False
2017-04-15,52,9391.56,74.28571428571429,15.43935317212575,-1.4434357474216588,12800.341428571426,4780.1828589884535,-0.7131069101596602,False
2017-04-16,49,6532.21,73.14285714285714,16.718746469651563,-1.4440590499223176,12509.169285714286,5040.992102448248,-1.185671225870691,False
2017-04-17,65,10765.57,72.64285714285714,16.859633826013418,-0.4533228432912144,12508.359999999999,5041.292495458802,-0.345703011989466,False
2017-04-18,71,23433.86,70.85714285714286,15.461401781693281,0.009239598380160169,13171.279285714287,5823.688132393112,1.7622133055515354,False
2017-04-19,97,13941.25,70.92857142857143,15.588281030777852,1.6725018313406435,12683.186428571427,5409.018889064402,0.23258627807198876,False
2017-04-20,96,15722.380000000001,71.0,15.708890182607869,1.5914555203701661,12003.155714285715,4163.630792993639,0.893264669858053,False
2017-04-21,68,10162.6,69.78571428571429,15.191994710922803,-0.11754310870253211,11654.504285714285,4093.2071556284473,-0.3644829662878928,False
2017-04-22,83,14889.7,71.0,15.54150769836906,0.7721258601737392,11999.941428571428,4151.361592309866,0.6960989803397678,False
2017-04-23,86,11681.32,71.92857142857143,16.05023021984088,0.8767119461024199,12142.220714285713,4099.896776483834,-0.11241763864137881,False
2017-04-24,115,17711.57,73.92857142857143,19.45592370032763,2.110998645144612,12443.611428571428,4353.979301166052,1.209918147754571,False
2017-04-25,111,17176.35,76.35714285714286,21.844228749725477,1.585904338384687,12968.912857142856,4455.819289664366,0.9442566830788302,False
2017-04-26,125,18696.09,80.78571428571429,24.98669975877504,1.7695128264691364,13632.352142857144,4574.7142725625345,1.1068970771602735,False
2017-04-27,79,12390.89,82.14285714285714,24.276792155526667,-0.12945932571003455,13716.265,4537.608331366697,-0.29208669043518043,False
2017-04-28,98,18063.29,85.35714285714286,23.070484449773843,0.5480100415915226,14325.617142857143,4505.225911018701,0.8296305070965271,False
2017-04-29,73,13699.24,86.85714285714286,21.353641890273096,-0.6489358081562189,14633.308571428572,4283.993274111032,-0.21803689027088857,False
2017-04-30,68,9437.0,88.21428571428571,19.264070068508364,-1.0493257988783322,14840.79357142857,3915.991899069578,-1.3799297114768005,False
2017-05-01,116,14796.77,91.85714285714286,19.35838972505867,1.2471521384655855,15128.736428571428,3737.4264990819674,-0.08882219587541577,False
2017-05-02,125,20308.14,95.71428571428571,20.242486056763045,1.4467449404975576,14905.470714285713,3266.872376060728,1.653774210864323,False
2017-05-03,102,12155.48,96.07142857142857,20.310907587623245,0.29189101486454966,14777.915714285715,3341.4282992749663,-0.7848247753377618,False
2017-05-04,108,15813.960000000001,96.92857142857143,20.55934855939793,0.5385106701918181,14784.457142857142,3343.508474417089,0.3079109459479818,False
2017-05-05,110,16360.289999999999,99.92857142857143,19.020087703891924,0.529515359141469,15227.149285714286,3084.772189797099,0.3673336780050023,False
2017-05-06,107,18619.22,101.64285714285714,18.449962029801135,0.29036064402136896,15493.543571428572,3211.809960755668,0.9731822451400662,False
2017-05-07,109,19724.42,103.28571428571429,17.967614333438082,0.31803252275129873,16068.050714285713,3196.7633909061665,1.1437722591905173,False
2017-05-08,122,19022.66,103.78571428571429,18.410609697958243,0.9893363670789074,16161.699999999999,3267.045572583652,0.875702507491345,False
2017-05-09,125,23891.16,104.78571428571429,19.1960675918016,1.0530430577833023,16641.329285714288,3865.538531478581,1.875503414400743,False
2017-05-10,115,23258.64,104.07142857142857,18.56159925849526,0.5887731588413455,16967.225714285712,4227.482307152555,1.4882177685450575,False
2017-05-11,126,21204.04,107.42857142857143,17.91739286372244,1.0365028390391753,17596.73642857143,4149.056064242167,0.8694275313648849,False
2017-05-12,113,15103.56,108.5,17.757988451571833,0.25340707998949547,17385.327142857142,4198.563884314268,-0.5434637189591826,False
2017-05-13,73,10675.67,108.5,17.757988451571833,-1.9991002976949086,17169.35785714286,4471.641113948723,-1.4521934322695564,False
2017-05-14,112,17551.83,111.64285714285714,13.396940769370698,0.026658538191002057,17748.98857142857,3878.8954363062917,-0.05082853473779488,False
2017-05-15,154,21438.31,114.35714285714286,17.552589740360578,2.2585189837657977,18223.384285714284,3896.157549658998,0.8251529034207293,True
2017-05-16,151,24372.91,116.21428571428571,19.97374650511401,1.7415718316444977,18513.725,4202.845733457544,1.3940994677384555,False
2017-05-17,141,21396.33,119.0,20.550126333132283,1.0705530293762786,19173.785714285714,3837.2011978337946,0.5792097341596201,False
2017-05-18,125,20861.79,120.21428571428571,20.351445125133576,0.23515353608987907,19534.345,3732.9546668675775,0.3556016931525971,False
2017-05-19,144,21525.09,122.64285714285714,21.055264800618875,1.0143374143893509,19903.259285714284,3649.4196492539677,0.4444078429339466,False
2017-05-20,72,12364.17,120.14285714285714,24.80030130976133,-1.941220654601815,19456.47,4165.165525769836,-1.7027654618093842,False
2017-05-21,148,20368.53,122.92857142857143,25.628902811877524,0.9782482205913787,19502.477857142858,4171.904861571356,0.20759153710205672,False
2017-05-22,148,28906.6,124.78571428571429,26.48418561919721,0.8765338699883868,20208.47357142857,4863.45509570749,1.7884664826551886,False
2017-05-23,125,20622.47,124.78571428571429,26.48418561919721,0.00809108187681565,19974.995714285713,4750.203137829131,0.1363045467588545,False
2017-05-24,141,26624.39,126.64285714285714,26.656236513336786,0.538603521542121,20215.40642857143,5007.383396764614,1.2799067024844875,False
2017-05-25,105,17786.69,125.14285714285714,27.27878054700892,-0.7384075365152558,19971.31,5038.678508759091,-0.4335700315474233,False
2017-05-26,78,12495.32,122.64285714285714,29.950233446777805,-1.4905679190176744,19785.007142857146,5275.175304004199,-1.381885287740827,False
2017-05-27,81,16057.39,123.21428571428571,28.99118850597566,-1.4561074550491266,20169.415714285715,4728.013857100466,-0.869715241656987,False
2017-05-28,98,11120.710000000001,122.21428571428571,29.641910484023487,-0.8168935577663531,19710.05,5281.87451812473,-1.6261916049928327,False
2017-05-29,158,22027.52,122.5,29.989100584148204,1.1837634109895505,19752.13642857143,5299.024339489451,0.4293967012893167,False
2017-05-30,102,16681.07,119.0,29.25747767665566,-0.5810480379709623,19202.719285714287,5180.506644444168,-0.48675727275026837,False
2017-05-31,126,23271.15,117.92857142857143,28.658370466622877,0.28164296992493,19336.635000000002,5265.114293904078,0.7472800741581925,False
2017-06-01,124,21781.38,117.85714285714286,28.640630479892,0.21448051386892175,19402.320000000003,5291.276187012554,0.4496193197851596,False
2017-06-02,126,21603.97,116.57142857142857,27.76748038682969,0.3395544463243222,19407.954285714284,5293.751859513559,0.4148316303000096,False
2017-06-03,89,12265.44,117.78571428571429,25.982771130200874,-1.1078769905437622,19400.902142857143,5303.913147212343,-1.3453203219602936,False
2017-06-04,101,15898.48,114.42857142857143,24.787448081994786,-0.5417488474065927,19081.61285714286,5375.24846564528,-0.592183389751591,False
2017-06-05,146,27018.15,114.28571428571429,24.584011600502283,1.2900370464207618,18946.72357142857,5127.725291660267,1.574075436860629,False
2017-06-06,133,17309.54,114.85714285714286,24.942571401759533,0.7273851941976311,18710.085714285717,5120.882180348513,-0.27349696106275156,False
2017-06-07,124,15397.67,113.64285714285714,23.966666411937716,0.43214782895229864,17908.17714285714,4642.924546724379,-0.540716765390539,False
2017-06-08,137,22106.28,115.92857142857143,24.596636060537016,0.8566792840926606,18216.719285714287,4775.854828227027,0.8144218897310285,False
2017-06-09,106,18594.34,117.92857142857143,22.307171270914075,-0.5347415539022146,18652.36357142857,4483.005909755373,-0.012943005785985279,False
2017-06-10,76,9807.18,117.57142857142857,22.973946065101703,-1.8095031847653351,18205.920000000002,5038.1503346657155,-1.6670284612611235,False
2017-06-11,113,16619.95,118.64285714285714,22.331788804500086,-0.25268272023600924,18598.722857142857,4642.060610445828,-0.42627036206509433,False
2017-06-12,125,17300.94,116.28571428571429,19.408279642495955,0.4489983591953763,18261.11,4544.356462545261,-0.21128844269012684,False
2017-06-13,125,16601.49,117.92857142857143,19.076623978513247,0.37068553531240106,18255.425714285717,4546.534126716258,-0.36377945665620093,False
2017-06-14,130,23407.11,118.21428571428571,19.23609816276359,0.6126873644535964,18265.137142857144,4558.202107222043,1.1280703962195717,False
2017-06-15,107,14916.81,117.0,19.378814760930705,-0.5160274311595582,17774.810714285715,4519.91435067841,-0.6323130246609093,False
2017-06-16,97,14777.69,114.92857142857143,19.88607663557717,-0.9015640318159257,17287.219285714287,4442.599470430419,-0.5648785812039797,False
2017-06-17,74,12746.15,113.85714285714286,21.710887530514306,-1.8358136120010886,17321.555714285714,4402.477518479639,-1.0392797453434344,False
2017-06-18,90,19733.69,113.07142857142857,22.400083398588954,-1.0299706550593426,17595.499285714286,4426.373095162261,0.48305704655186354,False
2017-06-19,156,25933.44,113.78571428571429,23.65514603772165,1.7845709194510466,17518.02,4254.924661938116,1.9778070515041222,False
2017-06-20,92,14069.74,110.85714285714286,23.63132582906775,-0.7979722760179457,17286.605714285713,4354.082306111767,-0.7388160094654715,False
2017-06-21,35,7275.1,104.5,30.72896403670705,-2.261709829103881,16706.422142857144,5102.066039525521,-1.8485300013353476,True
2017-06-22,88,10609.039999999999,101.0,29.50879920920598,-0.4405465606321364,15885.190714285714,5091.3329191773955,-1.0363004733813754,False
2017-06-23,107,15698.5,101.07142857142857,29.523039987607895,0.20081168575661282,15678.345000000001,5031.27215215725,0.004005945095090316,False
2017-06-24,76,10013.7,101.07142857142857,29.523039987607895,-0.8492156831394104,15693.096428571427,5013.003637861169,-1.1329328360500808,False
2017-06-25,105,20734.34,100.5,29.351320242878423,0.153315079620374,15986.981428571427,5189.031277980439,0.9148833986747976,False
2017-06-26,72,15200.32,96.71428571428571,29.366198704865276,-0.8415895418630108,15836.937142857143,5178.474351348647,-0.12293527005523297,False
2017-06-27,140,19609.72,97.78571428571429,30.720022464506513,1.3741619415499942,16051.810714285715,5274.165746575051,0.6745918609070503,False
2017-06-28,120,17080.88,97.07142857142857,30.021695451826208,0.763733396248835,15599.937142857143,4849.414049133115,0.30538593779336953,False
2017-06-29,110,14276.779999999999,97.28571428571429,30.108594662113962,0.4222809419359669,15554.220714285713,4859.356069280504,-0.2628827145146533,False
2017-06-30,93,14750.45,97.0,30.13048545652988,-0.13275590948479457,15552.275,4859.696355775183,-0.16499487648999372,False
2017-07-01,80,14139.0,97.42857142857143,29.81923562378516,-0.5844741175950741,15651.764285714287,4811.851297120016,-0.3143830081822573,False
2017-07-02,105,13715.23,98.5,29.801264815698502,0.21811154795604432,15221.874285714284,4686.32740825858,-0.3214978712454381,False
2017-07-03,117,19269.4,95.71428571428571,25.52955623896049,0.8337675001663484,14745.871428571429,3761.8976572016577,1.2024592329801618,False
2017-07-04,123,17940.64,97.92857142857143,26.508240477006726,0.9457975376817466,15022.364285714286,3849.6101510706703,0.7580704538287001,False
2017-07-05,140,24138.21,105.42857142857143,21.76346368683892,1.588507650661096,16226.872142857143,3877.154674213029,2.0405009657626496,False
2017-07-06,148,25716.31,109.71428571428571,23.872831585551232,1.603735784274803,17305.962857142855,4275.2197142376845,1.967231558847917,False
2017-07-07,117,16206.86,110.42857142857143,23.93489337513592,0.27455432821167736,17342.274285714284,4262.656970633207,-0.2663630438800288,False
2017-07-08,83,11897.07,110.92857142857143,23.222880910907726,-1.2026316431504178,17476.800714285717,4037.345505049767,-1.3820295308654635,False
2017-07-09,90,10075.68,109.85714285714286,23.854872564215256,-0.8324145435566318,16715.467857142856,4367.293661289697,-1.5203438037601693,False
2017-07-10,140,20397.34,114.71428571428571,22.43427518991215,1.1271019041918648,17086.683571428573,4448.71282133401,0.7441829943922249,False
2017-07-11,162,23870.57,116.28571428571429,24.96899175879062,1.8308422765285055,17391.030000000002,4768.826841242382,1.3587283027269528,False
2017-07-12,149,22461.66,118.35714285714286,26.45927827045573,1.1581138695333488,17775.37142857143,4955.100415385302,0.9457504749808728,False
2017-07-13,137,17986.75,120.28571428571429,26.78526739553954,0.6240104109272054,18040.369285714285,4851.729798278073,-0.011051581176947465,False
2017-07-14,149,21833.26,124.28571428571429,26.57769038824913,0.9298883895950832,18546.284285714286,4851.564519301932,0.6775083998591571,False
2017-07-15,98,13128.05,125.57142857142857,24.634916701282442,-1.1192012096388886,18474.073571428573,4929.1122955084265,-1.084581411606315,False
2017-07-16,112,16005.18,126.07142857142857,24.25335594768853,-0.5801848041887023,18637.64142857143,4795.223628360032,-0.5489757376491183,False
2017-07-17,163,25364.56,129.35714285714286,25.984039902800593,1.294750826611495,19073.010000000002,5122.521005475564,1.2282136067914289,False
2017-07-18,190,32202.43,134.14285714285714,30.50058547447439,1.8313465787038448,20091.709285714285,6187.417824184643,1.9573141912202487,False
2017-07-19,150,19710.43,134.85714285714286,30.764257839895382,0.4922224102289163,19775.43928571429,6076.8453555967535,-0.010697867381866942,False
2017-07-20,141,22410.97,134.35714285714286,30.590614807252862,0.21715343691889955,19539.34357142857,5889.601944755758,0.48757563847390334,False
2017-07-21,114,15785.65,134.14285714285714,30.73173539583413,-0.655441578010841,19509.257142857143,5908.979085643792,-0.6301608262421952,False
2017-07-22,88,13318.54,134.5,30.114524990187363,-1.5441053782236893,19610.790714285715,5778.89860792423,-1.0888321704861816,False
2017-07-23,104,14005.72,135.5,28.723482754333002,-1.0966636695631262,19891.507857142857,5360.388550404752,-1.098015153528084,False
2017-07-24,161,22860.14,137.0,29.514012317489584,0.8131730698566505,20067.422142857144,5418.363500364256,0.5154172208924543,False
2017-07-25,151,20563.46,136.21428571428572,28.938073327574724,0.5109432863184142,19831.2,5310.827304874441,0.1378805895887271,False
2017-07-26,123,13899.48,134.35714285714286,28.888664646448245,-0.39313491973881115,19219.615714285716,5475.069470693373,-0.9717019560688723,False
2017-07-27,123,18729.07,133.35714285714286,29.032096675277195,-0.35674801489493085,19272.63857142857,5465.798073312671,-0.09944907662846203,False
2017-07-28,132,23276.3,132.14285714285714,28.68088922250163,-0.004980917493487616,19375.712857142855,5531.018225453504,0.7052204465548157,False
2017-07-29,115,18371.91,133.35714285714286,27.45795987395211,-0.6685545081066746,19750.274285714284,5245.571723922085,-0.26276721742805353,False
2017-07-30,117,15341.69,133.71428571428572,27.190011094089442,-0.6147215481614522,19702.882142857143,5284.86034473101,-0.8252237255815545,False
2017-07-31,147,20454.91,132.57142857142858,26.18194999411826,0.5510884953875772,19352.192857142858,5037.367469615948,0.21890742525901405,False
2017-08-01,165,25417.36,130.78571428571428,22.566750801970702,1.5161369935142754,18867.545000000002,3905.0776759569876,1.6772560096118665,False
2017-08-02,155,21122.260000000002,131.14285714285714,22.930856412794082,1.040394760129062,18968.389999999996,3946.5283685596496,0.5457632123359337,False
2017-08-03,146,22219.04,131.5,23.134223732217844,0.6267770281743491,18954.68071428571,3933.9631345589164,0.8297889873541727,False
2017-08-04,141,21629.61,133.42857142857142,22.684166913762386,0.3337759151664076,19372.106428571427,3881.533490685989,0.5816009514913657,False
2017-08-05,115,14465.84,135.35714285714286,19.440667695312424,-1.04714216487798,19454.056428571428,3753.9076219026083,-1.3288063881665872,False
2017-08-06,108,16965.11,135.64285714285714,18.968018196050895,-1.4573402902266472,19665.441428571427,3498.116036573999,-0.771938780857621,False
2017-08-07,157,26629.34,135.35714285714286,18.58290009186347,1.1646652048855106,19934.670000000002,3886.4024643007565,1.7225879361427656,False
2017-08-08,146,21541.13,135.0,18.30510647543266,0.6009252125773283,20004.50357142857,3907.2976710107687,0.3932708889757881,False
2017-08-09,142,24018.02,136.35714285714286,18.049535015775835,0.3126317180982841,20727.25642857143,3616.1440767344347,0.9100200383609443,False
2017-08-10,155,23323.21,138.64285714285714,18.25295399847196,0.8961367490715308,21055.40928571429,3629.2944807357985,0.6248599352637647,False
2017-08-11,138,23328.34,139.07142857142858,18.155161528058457,-0.059015094400163344,21059.12642857143,3631.7699074621564,0.624823055768495,False
2017-08-12,97,16194.08,137.78571428571428,20.479552922661462,-1.9915334304287091,20903.567142857144,3798.5376490746075,-1.2398158391307403,False
2017-08-13,92,14491.45,136.0,23.323807579381285,-1.8864844365675906,20842.835714285717,3899.7502892477355,-1.6286647203533902,False
2017-08-14,156,21590.1,136.64285714285714,23.770075378855815,0.8143492415830373,20923.920714285716,3902.8643407718596,0.17068983893571207,False
2017-08-15,193,27940.66,138.64285714285714,27.261150556613224,1.9939416256206575,21104.15642857143,4175.103827576027,1.6374451639440288,False
2017-08-16,173,28012.26,139.92857142857142,28.48876778854947,1.160858511568234,21596.29928571429,4565.254214440697,1.4053895824663836,False
2017-08-17,155,21737.95,140.57142857142858,28.736774311014823,0.5020943294613598,21561.93571428571,4562.015626631087,0.03858256966214525,False
2017-08-18,146,20025.87,140.92857142857142,28.773556999745203,0.176253098338641,21447.382857142857,4580.284090783385,-0.310354735419857,False
2017-08-19,108,15172.92,140.42857142857142,29.31451277679135,-1.1062292481369673,21497.88857142857,4500.583402171918,-1.40536637280763,False
2017-08-20,103,14955.17,140.07142857142858,29.76695195298693,-1.2453887999677675,21354.321428571428,4684.59657456032,-1.3659984006567374,False
2017-08-21,177,26019.72,141.5,31.092294370643877,1.1417619933998087,21310.777142857143,4634.356343133847,1.0160942552722594,False
2017-08-22,136,19749.47,140.78571428571428,31.095828489534625,-0.15390213151339321,21182.80142857143,4652.209498921906,-0.3080969223126317,False
2017-08-23,111,18593.79,138.57142857142858,32.09053127952546,-0.8591764446424054,20795.356428571427,4623.706612675758,-0.47614751821317897,False
2017-08-24,126,16094.41,136.5,31.883803460015976,-0.3293208105854614,20279.01357142857,4722.278877189243,-0.8861407130447362,False
2017-08-25,123,17403.72,135.42857142857142,32.08094158822052,-0.38741292534677163,19855.82642857143,4693.372002212025,-0.5224615537433916,False
2017-08-26,93,12054.65,135.14285714285714,32.465027675608496,-1.2981001452994219,19560.152857142857,5058.022390038383,-1.4838809080649211,False
2017-08-27,118,16295.45,137.0,30.490856132491775,-0.6231376356714744,19689.010000000002,4940.575754998282,-0.6868754105362729,False
2017-08-28,155,25696.59,136.92857142857142,30.444057865873646,0.5935946072315742,19982.330714285716,5178.306152889495,1.103499699902009,False
2017-08-29,137,37025.7,132.92857142857142,25.84112490321852,0.15755616625348556,20631.262142857147,6620.7074544901225,2.476236560795968,True
2017-08-30,178,34964.65,133.28571428571428,26.464573043478907,1.6895902926838904,21127.86142857143,7428.393033393353,1.8626893473766304,False
2017-08-31,148,23694.98,132.78571428571428,26.086184293395903,0.5832315505850904,21267.649285714284,7459.107084250413,0.3254184028824202,False
2017-09-01,158,32485.27,133.64285714285714,26.74266870883184,0.9107970158976261,22157.606428571427,8021.6164067211785,1.2874791124112088,False
2017-09-02,104,20479.18,133.35714285714286,27.0572246653904,-1.0850019992883582,22536.625,7788.168476217615,-0.2641757181143074,False
2017-09-03,125,30950.78,134.92857142857142,25.766598192574552,-0.38532721139077813,23679.168571428574,7763.654224118594,0.9366222681558141,False
2017-09-04,148,28385.22,132.85714285714286,23.157843472260502,0.6538975514277021,23848.132857142857,7843.837874861646,0.5784269403881799,False
2017-09-05,154,24528.96,134.14285714285714,23.83551694702408,0.8330905052857296,24189.525,7755.236999510752,0.04376848831588401,False
2017-09-06,140,28821.83,136.21428571428572,22.911799349910364,0.16522989870409668,24920.09928571429,7668.826850142624,0.5087780426563092,False
2017-09-07,97,19096.76,134.14285714285714,25.111618956041255,-1.4791104152972765,25134.552857142855,7441.651970938682,-0.8113511463209768,False
2017-09-08,115,14540.28,133.57142857142858,25.47310583496101,-0.7290602367748931,24930.02142857143,7705.160957576862,-1.3484132889339173,False
2017-09-09,106,17681.22,134.5,24.07919625543378,-1.183594323401414,25331.919285714284,7105.3186810428215,-1.076756670482149,False
2017-09-10,135,20821.0,135.71428571428572,23.60713246662345,-0.030257199399190193,25655.17285714286,6756.990179519976,-0.7154328671062663,False
2017-09-11,178,26985.65,137.35714285714286,25.75508058275453,1.5780520279199355,25747.24857142857,6766.374296971799,0.18302289737735364,False
2017-09-12,204,32236.94,142.14285714285714,31.30951475647167,1.9756659704972592,25405.19428571429,6254.009710562554,1.0923784948314683,False
2017-09-13,205,31877.68,144.07142857142858,34.370077070064895,1.7727214083449938,25184.696428571428,5937.452798035651,1.1272482997494957,False
2017-09-14,166,26502.510000000002,145.35714285714286,34.861499907837846,0.5921390989323453,25385.234285714287,5930.6755095671815,0.18838928423640122,False
2017-09-15,150,21556.66,144.78571428571428,34.703532454710825,0.15025230417366087,24604.61928571429,5636.17637041208,-0.5407849374116449,False
2017-09-16,129,24040.31,146.57142857142858,33.04708595489007,-0.5317088652056624,24858.985714285718,5514.719162729862,-0.14845283869005962,False
2017-09-17,125,22826.04,146.57142857142858,33.04708595489007,-0.652748281675244,24278.647142857142,5245.257692738946,-0.2769372312952321,False
2017-09-18,183,32535.23,149.07142857142858,34.4572517447663,0.9846569215644081,24575.07642857143,5600.429260799966,1.4213470433678046,False
2017-09-19,153,23425.66,149.0,34.44728413990553,0.11611945904804123,24496.269285714287,5608.884341611628,-0.1908774045796536,False
2017-09-20,161,26067.87,150.5,34.48243700115269,0.3045028400878106,24299.557857142856,5492.598545419184,0.3219445455979869,False
2017-09-21,150,22458.19,154.28571428571428,30.877994582721072,-0.1387950980505874,24539.660000000003,5318.377048945813,-0.39137315403626477,False
2017-09-22,136,19034.93,155.78571428571428,29.29210597631169,-0.6754623345182091,24860.70642857143,4776.3697858883925,-1.2197079978571739,False
2017-09-23,85,12433.789999999999,154.28571428571428,32.40946815937634,-2.1378232418068643,24485.890000000003,5529.602933880908,-2.1795597521396233,False
2017-09-24,113,15517.69,152.71428571428572,33.91489024336925,-1.1709985032916426,24107.08214285714,5964.528925328421,-1.4400788813986996,False
2017-09-25,133,20969.71,149.5,33.46352779232481,-0.49307413439489295,23677.372142857144,5957.895281384271,-0.4544662191894116,False
2017-09-26,179,25241.670000000002,147.71428571428572,30.900407195297078,1.012469320808039,23177.71,5457.107325300273,0.37821502802978774,False
2017-09-27,144,24083.23,143.35714285714286,26.13458405095605,0.02459794812895145,22620.963571428572,4866.930962726671,0.3004493878730099,False
2017-09-28,142,26349.1,141.64285714285714,25.309186969457315,0.014111194388577357,22610.005714285715,4857.68335459277,0.7697278749507418,False
2017-09-29,116,33704.0,139.21428571428572,26.065534483529987,-0.890612303728286,23477.67285714286,5671.7210973653,1.803037731810826,False
2017-09-30,109,14879.17,137.78571428571428,27.192132831245342,-1.0586045038967233,22823.30571428571,6113.115814532525,-1.299523181844577,False
2017-10-01,128,21909.43,138.0,27.095273502104554,-0.3690680590186062,22757.83357142857,6117.990830509123,-0.1386735604763842,False
2017-10-02,142,25178.3,135.07142857142858,23.882611265921568,0.29010945877839966,22232.338571428572,5498.13045364281,0.5358114823593477,False
2017-10-03,198,30389.12,138.28571428571428,28.967962599100062,2.061390596939698,22729.728571428568,5913.662227163653,1.2952027245298172,False
2017-10-04,157,24787.579999999998,138.0,28.745568220296065,0.6609714532129123,22638.279285714285,5867.7914524296875,0.36628784981711443,False
2017-10-05,140,29129.83,137.28571428571428,28.548012382458673,0.09507792269116135,23114.825,6117.63624510032,0.9832237091274401,False
2017-10-06,126,19998.47,136.57142857142858,28.70731422668956,-0.36824861036983353,23183.649285714284,6073.466645857649,-0.5244417186166165,False
2017-10-07,103,17748.49,137.85714285714286,26.541280308974606,-1.3133180634604258,23563.270714285718,5487.712638743239,-1.0596000733043813,False
2017-10-08,124,19424.09,138.64285714285714,25.90398586157131,-0.5652742871736928,23842.299285714285,5135.145274062845,-0.8603864252936059,False
2017-10-09,191,34989.53,142.78571428571428,29.341958855034754,1.6431856493457213,24843.715,5849.231613890353,1.7345551808730593,False
2017-10-10,180,31965.46,142.85714285714286,29.437958600986747,1.261733452591109,25323.985714285714,6152.593451827631,1.0794593105678763,False
2017-10-11,156,25916.39,143.71428571428572,29.64774883509731,0.4143894483877414,25454.925714285717,6143.656606676886,0.07511231751018867,False
2017-10-12,140,22201.28,143.57142857142858,29.66145980565017,-0.12040636552717028,25158.652857142853,6196.999837442943,-0.4772265507050828,False
2017-10-13,151,26406.7,146.07142857142858,28.615392000471743,0.17223497859089842,24637.41714285714,5710.769457177999,0.3098151431973863,False
2017-10-14,116,16185.46,146.57142857142858,27.971728270122767,-1.0929402815657485,24730.72357142857,5547.403053533025,-1.5404079150128225,False
2017-10-15,120,21299.15,146.0,28.457796011746176,-0.9136336485533981,24687.132142857143,5573.6139710758325,-0.6078609247857876,False
2017-10-16,194,35110.66,149.71428571428572,31.160696574194446,1.4212042461974115,25396.58642857143,6233.960198516348,1.5582508168307643,False
2017-10-17,197,34756.27,149.64285714285714,31.04242046187556,1.5255621872432295,25708.52571428572,6601.429776837621,1.3705734350852325,False
2017-10-18,176,31501.88,151.0,31.795016542267746,0.7862867429795305,26188.118571428575,6771.092735531448,0.7847716219698712,False
2017-10-19,175,26909.61,153.5,32.23650582324813,0.6669457328248882,26029.53142857143,6722.721771593634,0.13091105081088994,False
2017-10-20,120,21563.079999999998,153.07142857142858,32.66723666991676,-1.0123730055772988,26141.28928571429,6627.074265611479,-0.6908341603278927,False
2017-10-21,110,17558.03,153.57142857142858,31.88612981729325,-1.3664696474953786,26127.685,6645.797644019671,-1.2894847931025324,False
2017-10-22,157,23234.37,155.92857142857142,30.730752038945024,0.03486502933838925,26399.847857142857,6424.485680116179,-0.49272082074056617,False
2017-10-23,158,25841.4,153.57142857142858,29.053569317897807,0.15242779226589875,25746.41,5929.805428978102,0.01601907535377117,False
2017-10-24,164,25739.27,152.42857142857142,28.23722116888739,0.40979346027782393,25301.682142857142,5654.597921312369,0.07738620203101888,False
2017-10-25,154,20731.59,152.28571428571428,28.222818295263767,0.06074112430413821,24931.339285714286,5779.645532590342,-0.7266447850534578,False
2017-10-26,143,26317.760000000002,152.5,28.13360979327045,-0.3376744068680585,25225.373571428576,5734.608059225334,0.19049016380711334,False
2017-10-27,131,23158.06,151.07142857142858,28.717360832548945,-0.6989301241317115,24993.32785714286,5748.838712100118,-0.3192414936394022,False
2017-10-28,86,18922.48,148.92857142857142,32.41667255195484,-1.9412409255673775,25188.829285714284,5465.841276554213,-1.1464565048007997,False
2017-10-29,130,20290.45,149.64285714285714,31.83516957671225,-0.6170175125194272,25116.77928571429,5527.360679330314,-0.8731706804953857,False
2017-10-30,144,23330.84,146.07142857142858,29.169173100049687,-0.07101430555894143,24275.363571428574,4727.7617958161045,-0.1997823943381501,False
2017-10-31,157,26846.59,143.21428571428572,25.528802953130864,0.540006294498959,23710.386428571426,3750.543839015661,0.8361996835775363,False
2017-11-01,109,22066.96,138.42857142857142,25.18764741728741,-1.1683731688404242,23036.463571428572,3019.1771453891015,-0.3211151663986337,False
2017-11-02,121,24082.93,134.57142857142858,23.21377007035099,-0.5846283705877761,22834.557857142856,2828.7494402274547,0.4413159133517195,False
2017-11-03,138,26036.079999999998,135.85714285714286,22.84010353895823,0.09381993996665033,23154.057857142856,2925.059746038501,0.9852865900467004,False
2017-11-04,111,22294.81,135.92857142857142,22.754422345200037,-1.0955484191331277,23492.399285714288,2465.8872474486698,-0.4856626299330482,False
2017-11-05,141,20901.94,134.78571428571428,22.004120493246738,0.2824146375763095,23325.797142857144,2561.5967268825875,-0.9462290131073563,False
2017-11-06,190,33149.61,137.07142857142858,25.91543729343367,2.042356871283905,23847.812142857143,3633.891295942351,2.5597347580345517,True
2017-11-07,157,24613.64,136.57142857142858,25.41869174662403,0.8036830389307752,23767.41,3601.1273211080056,0.23499030290870943,False
2017-11-08,174,23262.88,138.0,26.987176441926913,1.3339668963690061,23948.216428571428,3499.079084567144,-0.19586194310215396,False
2017-11-09,188,28901.66,141.21428571428572,30.125834993671738,1.5530097106202079,24132.780714285713,3696.2681652350343,1.2901875817798107,False
2017-11-10,164,23603.57,143.57142857142858,30.55314231784528,0.6686242356367917,24164.602857142858,3689.1419157355695,-0.15207678911723163,False
2017-11-11,155,26670.95,148.5,25.737581023147442,0.2525489864084017,24718.065000000002,3413.1017261400975,0.572173101388493,False
2017-11-12,172,26529.31,151.5,25.862803703091,0.7926441477630647,25163.69785714286,3190.575267196911,0.4280143950519947,False
2017-11-13,202,29395.25,155.64285714285714,29.02149639055945,1.5973381328546041,25596.87,3331.1669138352268,1.1402550812522523,False
2017-11-14,189,31367.22,157.92857142857142,30.365629065959276,1.0232433684787559,25919.772142857142,3664.089424419244,1.486712584261307,False
2017-11-15,185,27546.27,163.35714285714286,27.614397423354127,0.7837526494260302,26311.15142857143,3510.303651877164,0.35185519371467516,False
2017-11-16,224,32918.08,170.71428571428572,29.14005588777858,1.8286071410062894,26942.233571428573,3856.062574178265,1.5497275559240358,False
2017-11-17,189,34192.17,174.35714285714286,27.897083230102297,0.5248884631443043,27524.81142857143,4299.273176284639,1.5508106365993684,False
2017-11-18,146,27205.38,176.85714285714286,22.904004160701,-1.3472379170314668,27875.566428571427,4031.7534121265016,-0.16622703822998525,False
2017-11-19,158,23312.6,178.07142857142858,21.247495004259818,-0.9446491724038316,28047.756428571425,3752.840647256606,-1.2617525958723856,False
2017-11-20,226,50074.61,180.64285714285714,24.700068959284483,1.8363164463997828,29256.684999999998,6915.878165105318,3.010163641262321,True
2017-11-21,226,39279.2,185.57142857142858,26.4421408586146,1.5289447115777,30304.225,7260.5996767608995,1.2361203481203245,False
2017-11-22,198,29951.15,187.28571428571428,26.41220164250603,0.40565666805461864,30781.958571428575,6976.118113266408,-0.11909324898737507,False
2017-11-23,277,51499.48,193.64285714285714,35.681512435298096,2.3361437665596663,32396.088571428572,8865.947228331068,2.15469266132407,True
2017-11-24,1166,178450.11,265.2142857142857,261.56869330766887,3.443782598348532,43456.555714285714,39772.09979572628,3.3941771990680776,True
2017-11-25,498,71859.17,289.7142857142857,266.4690568185324,0.7816506605776691,46684.28571428572,40137.03023951701,0.6272233928490377,False
2017-11-26,388,53597.05,305.14285714285717,265.38009233285266,0.31222064220710033,48617.69571428571,39741.458471413156,0.12529369774629787,False
2017-11-27,400,56644.83,319.2857142857143,264.7356965182237,0.30488629518357974,50564.09428571428,39393.36111646023,0.15435940325855896,False
2017-11-28,376,56248.48,332.64285714285717,262.36340244983666,0.16525606259216213,52341.32714285714,39020.16457647949,0.10013163449079894,False
2017-11-29,319,47031.58,342.2142857142857,258.98535110679927,-0.08963551650731286,53733.135,38410.46623686024,-0.17447210764572593,False
2017-11-30,264,36620.66,345.07142857142856,257.79880774496473,-0.31447557605321014,53997.604999999996,38268.60731880209,-0.45407832208888277,False
2017-12-01,274,45973.82,351.14285714285717,254.82417985223194,-0.3027297377650384,54839.15142857143,37927.596046511455,-0.2337435628058176,False
2017-12-02,214,35723.78,356.0,251.23602142515008,-0.5652055751977652,55447.60857142857,37516.27550855102,-0.5257405833618253,False
2017-12-03,231,34212.69,361.2142857142857,247.54088351419654,-0.5260314331342277,56226.186428571425,36906.22053735044,-0.5964711668671941,False
2017-12-04,331,54270.31,368.7142857142857,244.70340872525304,-0.15412243707904533,56525.87928571429,36869.44182392021,-0.061177201881340154,False
2017-12-05,275,39560.42,372.2142857142857,242.8485373394538,-0.4003083023654351,56545.96642857143,36859.39796534655,-0.4608199635962702,False
2017-12-06,273,45490.24,377.57142857142856,239.51416026413338,-0.4365981053316782,57655.90142857143,36225.46414727986,-0.33583176130222037,False
2017-12-07,226,32920.87,373.92857142857144,241.54071620001787,-0.6124374132685482,56328.85785714285,36804.01411522288,-0.6360172502884905,False
2017-12-08,215,34362.22,306.0,83.9990842440926,-1.0833451438061332,46036.86571428571,11418.414402125061,-1.022440183298389,False
2017-12-09,155,23639.52,281.5,72.990779185825,-1.733095624009541,42592.604999999996,10242.11173850449,-1.8505055875095777,False
2017-12-10,187,28627.58,267.14285714285717,70.14365165951862,-1.142553249606611,40809.07142857143,10351.890621520342,-1.1767407398265552,False
2017-12-11,267,39415.43,257.64285714285717,58.865697393901264,0.15895747899713616,39578.4,9294.61618070623,-0.01753380632739783,False
2017-12-12,258,38557.38,249.21428571428572,48.07394716064433,0.18275416945390102,38314.75,7960.789125096925,0.03047813428885962,False
2017-12-13,218,34385.08,242.0,44.21973106413748,-0.5427441420932606,37411.42857142857,7605.157420304534,-0.3979337184196493,False
2017-12-14,199,29580.87,237.35714285714286,45.13502331527437,-0.849831019011842,36908.58642857143,7888.901071744943,-0.9288640283266493,False
2017-12-15,192,31451.63,231.5,45.334228875016066,-0.8713063171075279,35871.28714285714,7552.829006415078,-0.5851657887532278,False
2017-12-16,131,22907.05,225.57142857142858,52.63767923004688,-1.7966489015998428,34955.80642857143,8310.809250634984,-1.4497693383650754,False
2017-12-17,133,22106.0,218.57142857142858,58.09370982196918,-1.4729895686411856,34091.04285714286,8995.725625790217,-1.332304180419025,False
2017-12-18,208,33813.9,209.78571428571428,48.24963701964516,-0.03700990092396368,32629.870714285713,6877.9675176167875,0.17214813572201257,False
2017-12-19,174,24134.51,202.57142857142858,45.203325755310324,-0.6320647451050018,31528.02,6917.787961069849,-1.0687679416610192,False
2017-12-20,171,32004.68,195.28571428571428,41.00361817323866,-0.5922822269758756,30564.765714285713,5646.093731531704,0.25502840621876444,False
2017-12-21,143,21546.44,189.35714285714286,42.20391367717425,-1.0984086265491264,29752.306428571428,6082.487962229823,-1.3490970273228755,False
2017-12-22,110,17233.5,181.85714285714286,46.41594080097493,-1.5481134631151021,28528.82642857143,6767.962666138157,-1.6689404161587396,False
2017-12-23,107,15357.06,178.42857142857142,50.173106933303515,-1.4236425805466537,27937.222142857143,7545.5504826315355,-1.6672292063798864,False
2017-12-24,59,6960.79,169.28571428571428,59.3197704381534,-1.859172978437228,26389.594285714287,9389.688701366227,-2.0691638353130215,False
2017-12-25,90,12662.23,156.64285714285714,55.63978535441857,-1.1977554679327096,24478.65142857143,9256.206227934805,-1.2765944424304219,False
2017-12-26,168,23797.46,150.21428571428572,47.65449138801723,0.3732222035672909,23424.371428571427,8322.80432426275,0.04482726697550002,False
2017-12-27,166,21027.51,146.5,43.83842711945482,0.4448152290424261,22470.259285714284,7712.931829294571,-0.18705588453855695,False
2017-12-28,146,17793.85,142.71428571428572,41.16276990647844,0.0798224777676381,21628.329285714288,7517.903244779648,-0.5100463734189331,False
2017-12-29,133,18765.65,138.5,38.67368415542936,-0.14221556906488467,20722.187857142857,6988.714547269604,-0.27995675655507324,False
2017-12-30,96,15201.6,136.0,40.293156509989686,-0.9927244094188301,20171.79857142857,7105.847937738254,-0.699451862040627,False
2017-12-31,74,10190.93,131.78571428571428,43.582245099491516,-1.3259003558398252,19320.722142857143,7555.670010189652,-1.2083365380627547,False
2018-01-01,73,8453.61,122.14285714285714,40.227922072682084,-1.2216106279133168,17509.272857142856,6817.674900625695,-1.3282626392630965,False
2018-01-02,203,29410.51,124.21428571428571,43.7003407334525,1.8028627000018795,17886.13,7338.027211848588,1.5705011261598725,False
2018-01-03,222,36746.08,127.85714285714286,49.624524245512646,1.897103469991858,18224.801428571427,8108.707792777069,2.284122087606441,True
2018-01-04,255,39936.94,135.85714285714286,60.16241753384372,1.980353550051984,19538.408571428572,9965.288344577224,2.0469584745805802,False
2018-01-05,209,32287.9,142.92857142857142,62.65591541318184,1.054512221802575,20613.722857142857,10495.564447968856,1.1122962657922013,False
2018-01-06,215,32581.28,150.64285714285714,64.51309603824342,0.9975826120481319,21844.024285714288,10835.973873243267,0.9908897751035266,False
2018-01-07,195,33918.12,160.35714285714286,59.71291207211319,0.5801568863534937,23769.547857142858,10373.058436818364,0.978358716927264,False
2018-01-08,292,45176.22,174.78571428571428,65.52648151869461,1.7888078681722694,26091.975714285712,11293.858587973105,1.6897895557181148,False
2018-01-09,251,35406.89,180.71428571428572,68.55029436219002,1.0253160097950136,26921.220714285715,11536.036872718898,0.7355792443574531,False
2018-01-10,277,44824.93,188.64285714285714,72.99273635396608,1.2104922663629112,28621.036428571428,12326.948774633564,1.314509686677128,False
2018-01-11,264,46376.66,197.07142857142858,74.48744270599681,0.8985215359418314,30662.665714285715,12755.319733920192,1.2319561260331326,False
2018-01-12,239,36932.96,204.64285714285714,72.84293655937712,0.4716605957962309,31960.330714285716,12370.184019778211,0.4019850697260233,False
2018-01-13,216,32690.45,213.21428571428572,65.79476080548193,0.04233945456462813,33209.53428571428,11392.00046597659,-0.04556568332880442,False
2018-01-14,232,35390.75,224.5,52.23136399344182,0.14359188477141246,35009.521428571425,9268.02599821297,0.04113373996815316,False
2018-01-15,305,44987.64,241.07142857142858,34.13652293075873,1.8727323681513135,37619.09500000001,5654.54314296681,1.3031194233905665,False
2018-01-16,301,51129.29,248.07142857142858,35.739364820911604,1.480960047661568,39170.436428571425,6183.796531553686,1.9339015296520274,False
2018-01-17,282,42151.92,252.35714285714286,35.96923288431001,0.8241170235183839,39556.56785714285,6189.543226216508,0.4193123867144576,False
2018-01-18,238,32765.29,251.14285714285714,36.15959739151555,-0.3634680165421578,39044.30714285715,6447.055421805932,-0.9739356546586483,False
2018-01-19,232,35290.89,252.78571428571428,34.5858543147532,-0.6009888926423821,39258.80642857143,6251.976736706315,-0.634665897791203,False
2018-01-20,184,26960.0,250.57142857142858,38.013589241651225,-1.751253430667545,38857.28642857143,6864.333653187772,-1.7332034003105856,False
2018-01-21,194,27920.91,250.5,38.12681269335087,-1.4818967547699922,38428.91428571429,7365.1357562773765,-1.426722416726428,False
2018-01-22,310,43434.8,251.78571428571428,39.89636299488708,1.4591376592835337,38304.52714285714,7256.318564021315,0.7070076667499228,False
2018-01-23,262,40298.33,252.57142857142858,39.98791026088987,0.2357855503590299,38653.91571428572,7223.75357319353,0.22763986465658254,False
2018-01-24,243,36912.43,250.14285714285714,39.41857653219089,-0.18120535471452087,38088.73714285715,7010.176030123225,-0.1677999436536934,False
2018-01-25,232,34872.08,247.85714285714286,39.4809733004047,-0.40164012007729094,37266.98142857143,6627.777485624543,-0.3613430646647237,False
2018-01-26,228,39281.26,247.07142857142858,39.77912921217779,-0.4794330330788173,37434.717142857146,6648.357236404546,0.27774422936115767,False
2018-01-27,153,25106.77,242.57142857142858,46.551401343385834,-1.9241403263181285,36893.025714285715,7337.840265145839,-1.6062295291803363,False
2018-01-28,155,27551.1,237.07142857142858,52.11299009137506,-1.574874679566924,36333.05071428572,7748.922667348383,-1.1333124733958442,False
2018-01-29,246,36056.52,232.85714285714286,48.4543514642823,0.271242040099232,35695.11357142857,7338.373813335995,0.04924884419415162,False
2018-01-30,257,35374.81,229.71428571428572,44.998168460896125,0.606373886293302,34569.79357142858,5845.65883522071,0.1377118390353387,False
2018-01-31,255,37793.95,227.78571428571428,43.12446846304082,0.6310636787931501,34258.51,5517.680901238518,0.6407474559114895,False
2018-02-01,232,35767.92,227.35714285714286,43.04489095540445,0.10786081785332553,34472.98357142857,5513.5292387315585,0.23486525100379052,False
2018-02-02,212,32532.45,225.92857142857142,43.210512050291356,-0.3223421979438797,34275.952142857146,5531.311298866841,-0.31520593375648986,False
2018-02-03,193,27572.170000000002,226.57142857142858,42.6013981094417,-0.7880358406356665,34319.67857142857,5471.120207045014,-1.2332956169999676,False
2018-02-04,201,28261.91,227.07142857142858,42.229162883038775,-0.6173797156159139,34344.03571428572,5441.118714210716,-1.1178079423999456,False
2018-02-05,271,43196.97,224.28571428571428,37.341312595751766,1.2510081319316102,34327.047857142854,5410.839954376739,1.6392874706416725,False
2018-02-06,267,39850.37,224.64285714285714,37.75142818053845,1.122001071180103,34295.05071428572,5374.011542589396,1.033737877503242,False
2018-02-07,246,36339.23,224.85714285714286,37.87196475343915,0.558271990389333,34254.10785714286,5354.685417461233,0.38940142703018843,False
2018-02-08,229,31816.8,224.64285714285714,37.83691145074993,0.11515588059597032,34035.87357142857,5389.707713869817,-0.41172428807559125,False
2018-02-09,211,34925.5,223.42857142857142,37.993348174312416,-0.32712493175251306,33724.74785714286,5185.471624485203,0.23156083569859442,False
2018-02-10,176,25031.2,225.07142857142858,35.100875039968045,-1.398011545739324,33719.35,5195.162925338858,-1.672353711492755,False
2018-02-11,170,25964.33,226.14285714285714,32.96118263108263,-1.7033022683450085,33606.00928571429,5354.936709841411,-1.427034473006983,False
2018-02-12,215,27641.96,223.92857142857142,32.56346297430825,-0.27418986228878156,33004.96928571429,5528.1580403108355,-0.9701258984652216,False
2018-02-13,222,28125.12,221.42857142857142,31.141647319983278,0.018349336679498767,32487.134285714284,5627.744103044266,-0.7750910854945772,False
2018-02-14,294,43417.13,224.21428571428572,35.7753214712831,1.9506663089451584,32888.79,6206.531788062542,1.6963322447248061,False
2018-02-15,281,37950.52,227.71428571428572,38.85956682807924,1.3712379893851765,33044.689999999995,6310.948560709643,0.7773522399695109,False
2018-02-16,212,31709.94,227.71428571428572,38.85956682807924,-0.40438653842458316,32985.93928571428,6319.906141354495,-0.2019016196086747,False
2018-02-17,202,29414.49,228.35714285714286,38.311691613471424,-0.6879660424045326,33117.53357142857,6216.848636499673,-0.5956464099331078,False
2018-02-18,202,29071.93,228.42857142857142,38.257657424996296,-0.6908047488371271,33175.39214285714,6171.788495233379,-0.6648740711102371,False
2018-02-19,259,33735.96,227.57142857142858,37.35425891837077,0.8413651438581985,32499.605714285713,5467.886973437544,0.22611189509226745,False
2018-02-20,288,42552.79,229.07142857142858,39.42366389270912,1.4947512638334324,32692.635714285716,5785.80739642967,1.7041967715342252,False
2018-02-21,265,37926.96,230.42857142857142,40.36699772703597,0.8564280357237025,32806.045,5877.616023065491,0.8712571525434847,False
2018-02-22,278,38690.93,233.92857142857142,42.311053812512114,1.041605552220869,33297.05428571429,6072.515735304331,0.8882440078214788,False
2018-02-23,235,33072.96,235.64285714285714,41.79364534482261,-0.015381695890683436,33164.73,6054.458385190209,-0.015157425183478406,False
2018-02-24,190,28298.46,236.64285714285714,40.40107984630205,-1.1544953085486995,33398.10571428571,5773.266217993623,-0.8833207272499526,False
2018-02-25,237,34930.88,241.42857142857142,35.580276052274584,-0.12446703398436128,34038.57357142857,5368.307463437052,0.16621745953428121,False
2018-02-26,296,50115.01,247.21428571428572,37.48677422449498,1.301411372276365,35643.79142857143,6540.432984850531,2.212578067071088,True
2018-02-27,298,47076.99,252.64285714285714,39.025843789936204,1.16223349586715,36997.49642857142,6819.862369047319,1.4779614347021788,False
2018-02-28,312,52260.55,253.92857142857142,40.75152528662985,1.4250123931062089,37629.169285714284,7799.407059712894,1.8759606470423558,False
2018-03-01,275,46189.25,253.5,40.47553867176136,0.5311850244750403,38217.65,8129.353925121735,0.9805945310568608,False
2018-03-02,265,37373.53,257.2857142857143,38.73664250457815,0.19914698888459414,38622.192142857144,7918.790828510051,-0.15768343550148875,False
2018-03-03,212,31367.12,258.0,37.71757394922694,-1.2195906359704458,38761.66571428572,7759.73918663974,-0.9529374037489835,False
2018-03-04,235,37351.0,260.35714285714283,34.872530831492924,-0.7271380152954982,39353.02785714286,7264.133439501197,-0.2756044989834781,False
2018-03-05,262,45384.45,260.57142857142856,34.872767170242,0.04096524435808147,40185.06285714286,7238.326945056398,0.7183133868259698,False
2018-03-06,271,45971.24,259.35714285714283,34.132337797409974,0.3411092791815933,40429.237857142856,7380.6030324953435,0.7508874435404257,False
2018-03-07,258,42471.16,258.85714285714283,34.09456790222716,-0.025140158971976342,40753.82357142858,7361.991702516162,0.23327062810794533,False
2018-03-08,234,33842.12,255.71428571428572,34.22196454242328,-0.6345131264269646,40407.479999999996,7577.409471898373,-0.8664385928130619,False
2018-03-09,203,33716.49,253.42857142857142,36.69146680447316,-1.3743950793055657,40453.44642857143,7531.305580638923,-0.8945270320580851,False
2018-03-10,192,30828.01,253.57142857142858,36.42846369301053,-1.6902010771110887,40634.12857142858,7242.05461488004,-1.3540520049766305,False
2018-03-11,218,36618.35,252.21428571428572,37.43338405432057,-0.9140046132253624,40754.662142857145,7153.329789821031,-0.5782359075270082,False
2018-03-12,232,35930.89,247.64285714285714,35.53461398705229,-0.4402146354694302,39741.510714285716,6716.762362831172,-0.5673299885332712,False
2018-03-13,227,42179.58,242.57142857142858,32.75248501603042,-0.4754273931827549,39391.69571428571,6426.599736882879,0.4338039398524152,False
2018-03-14,198,28323.84,234.42857142857142,27.988223583155186,-1.3015678297816689,37681.930714285714,5902.27638502227,-1.585505337912163,False
2018-03-15,286,51444.06,235.21428571428572,29.33671517301966,1.7311315866890509,38057.27428571428,6609.600399433795,2.0253547726474483,False
2018-03-16,252,38760.36,234.28571428571428,28.515659858100463,0.6212125478574052,38156.33357142857,6608.957043325128,0.091395120986825,False
2018-03-17,180,24000.21,232.0,31.559467676119404,-1.6476830513636216,37630.125714285714,7433.0031167290035,-1.8337024080629942,False
2018-03-18,215,36076.38,230.57142857142858,31.864410544378273,-0.48867775381383277,37539.08142857143,7444.482350375956,-0.1964812809983442,False
2018-03-19,302,52621.17,233.42857142857142,36.373520135298875,1.8852018808287703,38055.99,8239.879536570896,1.7676447738532641,False
2018-03-20,297,42887.93,235.28571428571428,39.007747891981936,1.5821032756154356,37835.75357142858,8051.088777407776,0.6275146838211964,False
2018-03-21,285,46433.96,237.21428571428572,40.84149204580432,1.17002861286561,38118.81071428571,8292.632776269133,1.0027152425595873,False
2018-03-22,254,36989.79,238.64285714285714,41.06956039707286,0.37393005205474283,38343.64428571429,8210.020899095203,-0.16490266009718596,False
2018-03-23,219,34638.15,239.78571428571428,40.21514940614129,-0.5168627890896278,38409.47714285714,8173.678282864797,-0.4613990191861728,False
2018-03-24,165,27711.420000000002,237.85714285714286,43.21833147894768,-1.685792587634548,38186.86357142857,8434.330962004307,-1.2420005355041484,False
2018-03-25,190,30192.8,235.85714285714286,44.82591479671845,-1.023005176025987,37727.89571428572,8696.988429875022,-0.8664028675031824,False
2018-03-26,271,41955.68,238.64285714285714,45.769669404122446,0.7069560099166562,38158.237857142856,8750.125757920165,0.4339871503469415,False
2018-03-27,245,40633.58,239.92857142857142,45.67016242869912,0.11104467997779002,38047.80928571429,8705.111291009924,0.2970405119295979,False
2018-03-28,219,34416.66,241.42857142857142,44.517437008460206,-0.5038154246011295,38483.010714285716,8325.607282783965,-0.48841490790639147,False
2018-03-29,194,33564.47,234.85714285714286,44.221222094335076,-0.9239261359621455,37205.897142857146,7516.512864168221,-0.4844569827341213,False
2018-03-30,165,26279.75,228.64285714285714,47.60996525107761,-1.3367549589088734,36314.425,8039.86114382555,-1.2481154612609733,False
2018-03-31,167,29053.17,227.71428571428572,48.74490674999759,-1.245551376796689,36675.35071428571,7542.566201068386,-1.0105553615434029,False
2018-04-01,207,34189.0,227.14285714285714,48.95187140739097,-0.41148288234422603,36540.53785714285,7570.909378032939,-0.3106017705040639,False
2018-04-02,281,47968.340000000004,225.64285714285714,46.75403255805415,1.1840078775751866,36208.19285714286,6881.437022616503,1.708966761478205,False
2018-04-03,246,42093.93,222.0,42.56578618851274,0.5638331192500539,36151.478571428575,6825.192382328686,0.8706643118159141,False
2018-04-04,257,43567.82,220.0,39.95574474917927,0.9260245362028953,35946.75428571428,6529.625923537564,1.1671519629958895,False
2018-04-05,266,42219.17,220.85714285714286,40.85971712477353,1.1048254936519546,36320.28142857143,6740.06477450367,0.8751976084477553,False
2018-04-06,189,32285.36,218.71428571428572,41.741749201173334,-0.7118600988923213,36152.225,6814.158193089006,-0.5674750850254423,False
2018-04-07,164,29014.86,218.64285714285714,41.84147214437871,-1.3059496796457306,36245.32785714286,6697.8711345347065,-1.0795173140704433,False
2018-04-08,185,27883.61,218.28571428571428,42.12514062323711,-0.7901626865395717,36080.385714285716,6884.2270102188,-1.1906602879478836,False
2018-04-09,253,55782.82,217.0,40.64101755237357,0.8858045927026126,37068.03857142857,8575.968119285282,2.1822354244165623,False
2018-04-10,201,32535.28,213.85714285714286,40.005494128176814,-0.3213844282475009,36489.58857142857,8590.076261557993,-0.46033451287560184,False
2018-04-11,274,47204.47,217.78571428571428,43.12803580650875,1.3034279132601267,37403.00357142857,9021.740434284788,1.0864274471169109,False
2018-04-12,255,39945.38,222.14285714285714,43.6187277048911,0.7532806339387678,37858.782857142854,8973.955723907518,0.232516986605833,False
2018-04-13,202,36440.53,224.78571428571428,40.92803923478894,-0.5567262617933175,38584.55285714286,8354.9962358316,-0.25661565805953446,False
2018-04-14,146,22397.87,223.28571428571428,43.51202940908101,-1.7761919022233577,38109.17428571429,9095.540593955242,-1.727363439634999,False
2018-04-15,223,36564.19,224.42857142857142,43.26077328821727,-0.03302232761892191,38278.830714285716,9038.768665339876,-0.1896984841376333,False
2018-04-16,280,47364.65,224.35714285714286,43.160892453269135,1.289196167644179,38235.71,8990.297749679488,1.0154213190909562,False
2018-04-17,265,42612.8,225.71428571428572,44.180449159239146,0.8892103867961408,38272.772142857146,9008.477725190238,0.48177150341471325,False
2018-04-18,280,46308.65,227.35714285714286,45.83013308840731,1.148651631478092,38468.54571428571,9160.894905377969,0.8558229699929971,False
2018-04-19,292,49872.22,229.21428571428572,47.992272729662105,1.3082463220565284,39015.192142857144,9618.807831566372,1.1287290532526262,False
2018-04-20,196,32666.48,229.71428571428572,47.575734880825294,-0.7086445600627763,39042.415,9598.814683772749,-0.6642419100744618,False
2018-04-21,156,22465.89,229.14285714285714,48.46546294941508,-1.5091748369183768,38574.631428571425,10261.766171856536,-1.5697825460835917,False
2018-04-22,200,31991.79,230.21428571428572,47.57209681740361,-0.6351262133821318,38868.072857142855,9987.60900175691,-0.6884813828748457,False
2018-04-23,285,44363.29,232.5,49.48154279044969,1.0610016794006047,38052.39214285714,8907.880636263051,0.7084623284523879,False
2018-04-24,271,49905.02,237.5,49.59024407776527,0.6755360983395595,39293.087857142855,9282.117154613587,1.1432663438839041,False
2018-04-25,284,47356.49,238.21428571428572,50.22438661635438,0.9116231649667423,39303.94642857143,9292.167592294389,0.8665947413718854,False
2018-04-26,254,36912.77,238.14285714285714,50.19938268522879,0.31588322423352905,39087.33142857143,9311.392113524862,-0.23353773550282209,False
2018-04-27,242,46764.3,241.0,49.11055033133084,0.020362223458164637,39824.743571428575,9492.684290384721,0.731042581454079,False
2018-04-28,169,26978.52,242.64285714285714,45.97257902247868,-1.6018865747525028,40151.93285714286,8906.672146598361,-1.4790499347361805,False
2018-04-29,171,23060.95,238.92857142857142,49.63631469260951,-1.3685256822397713,39187.41571428571,9990.30377300888,-1.614211747780392,False
2018-04-30,240,41036.61,236.07142857142858,48.221387348377114,0.08146948158478547,38735.41285714286,9731.678130184646,0.23646457600355092,False
2018-05-01,255,38451.48,235.35714285714286,47.83241119198976,0.4106599824962749,38438.17571428571,9667.478622554554,0.001376189825054726,False
2018-05-02,295,44764.32,236.42857142857142,49.06152226575316,1.1938363480481262,38327.866428571426,9579.173081504716,0.6719216279593022,False
2018-05-03,304,49577.96,237.28571428571428,50.19872595905313,1.3290035641283857,38306.84785714286,9552.178813433224,1.1799519631067399,False
2018-05-04,265,45494.1,242.21428571428572,49.21097215276087,0.4630210152114611,39223.10642857143,9584.695284729549,0.6542715636896239,False
2018-05-05,197,32640.67,245.14285714285714,44.69874743186934,-1.077051593363715,39949.87642857142,8545.7701194852,-0.8553010818657185,False
2018-05-06,210,32994.23,245.85714285714286,43.99625358675843,-0.8150044591054635,40021.47928571429,8477.892200952792,-0.8288910874479537,False
2018-05-07,371,62460.18,252.0,54.60628309861583,2.179236403713704,41314.114285714284,10361.25113578375,2.0408795653311973,False
2018-05-08,327,54720.090000000004,256.0,58.04772572236128,1.2231314683987562,41658.047857142854,10741.301618313639,1.2160576629359992,False
2018-05-09,342,50968.64,260.14285714285717,62.126245095533896,1.3175935988287717,41916.05857142857,10930.42752248606,0.8282001239154162,False
2018-05-10,279,58871.87,261.92857142857144,62.29515882624293,0.2740410152744793,43484.56571428571,11705.32040499842,1.3145564370150509,False
2018-05-11,246,43250.01,262.2142857142857,62.20583520913415,-0.26065538160164203,43233.545,11667.196074068748,0.0014112216761830657,False
2018-05-12,204,34712.38,264.7142857142857,58.780463226678265,-1.032899068524689,43785.96357142857,11002.507134962534,-0.8246832708333862,False
2018-05-13,206,36202.29,267.2142857142857,55.11830433283929,-1.1105981298814098,44724.63071428571,9565.03124585628,-0.8909893230069396,False
2018-05-14,364,62230.729999999996,276.07142857142856,60.14273315745108,1.4619982633376212,46238.49642857142,10561.703895695407,1.5141717405982633,False
2018-05-15,352,49505.99,283.0,63.04577091898585,1.0944429577784902,47028.10428571428,10345.771417020651,0.23950710047673673,False
2018-05-16,357,64742.06,287.42857142857144,66.05908111533347,1.053169789782011,48455.08571428572,11339.537585751556,1.4362996870506708,False
2018-05-17,227,35966.73,281.92857142857144,67.75687792021203,-0.8106715231663016,47482.854999999996,11809.615998715579,-0.9751481336270793,False
2018-05-18,236,36429.77,279.85714285714283,68.75022477485741,-0.6379199922729822,46835.40285714286,12170.007939342844,-0.8550226843734289,False
2018-05-19,139,28319.73,275.7142857142857,75.53952462267547,-1.8098377822362783,46526.76428571429,12604.713110841149,-1.444462410656111,False
2018-05-20,161,23086.12,272.2142857142857,79.83172549559737,-1.393108880258627,45819.04214285714,13657.194315368204,-1.6645382366183499,False
2018-05-21,204,29665.97,260.2857142857143,76.33572464542978,-0.7373443370997605,43476.59857142857,13393.230550306918,-1.031164850000442,False
2018-05-22,199,32070.66,251.14285714285714,75.39012090234603,-0.6916404499523031,41858.78214285715,13298.232487228213,-0.7360468507568793,False
2018-05-23,132,20262.3,236.14285714285714,76.80029761847112,-1.3560215308047179,39665.47214285714,14182.949793219579,-1.3680632326663942,False
2018-05-24,114,22278.7,224.35714285714286,82.18890730212024,-1.3427255146668187,37051.67428571429,13735.960162036066,-1.0754962966873156,False
2018-05-25,103,18137.37,214.14285714285714,87.97452178623377,-1.2633527853998379,35257.91428571429,14483.628190554022,-1.18206184669115,False
2018-05-26,99,16914.09,206.64285714285714,93.22479625809153,-1.1546590763775917,33986.60785714285,15293.670167708244,-1.1163126751085914,False
2018-05-27,100,14693.68,199.07142857142858,97.48803815041937,-1.016241894401097,32450.278571428567,16112.384209972859,-1.1020466207873825,False
2018-05-28,143,30304.95,183.28571428571428,85.93595877738875,-0.46878762812284064,30169.865714285716,13643.36754135573,0.009901095554658202,False
2018-05-29,149,29441.33,168.78571428571428,71.12954440956403,-0.2781645018248409,28736.675714285717,12458.323767109869,0.0565609225516021,False
2018-05-30,140,22529.07,153.28571428571428,46.2541949389524,-0.2872326348615329,25721.462142857144,6975.745314043759,-0.45764172846593676,False
2018-05-31,133,28156.52,146.57142857142858,41.286455752116716,-0.3287138196824461,25163.59,6380.259155801224,0.46909223072525064,False
2018-06-01,184,37284.05,142.85714285714286,34.384381836609755,1.1965565453048657,25224.610000000004,6499.270966755304,1.8555065732273284,False
2018-06-02,142,28939.99,143.07142857142858,34.367838914433015,-0.03117532569028161,25268.914285714283,6524.059618913273,0.5626980635865522,False
2018-06-03,191,32869.909999999996,145.21428571428572,36.444222020525864,1.2563229984694737,25967.756428571425,6790.8129174117985,1.0163957769667447,False
2018-06-04,225,34326.4,146.71428571428572,39.365014868591864,1.9887129357640874,26300.644285714287,7093.526622149952,1.1314196931643032,False
2018-06-05,197,36105.95,146.57142857142858,39.16378681642342,1.2876326710935952,26588.879285714287,7420.467465076168,1.2825432843789204,False
2018-06-06,227,32176.98,153.35714285714286,44.33371202570435,1.6611028893804238,27439.927857142855,7321.646929823095,0.64699270372651,False
2018-06-07,223,42676.38,161.14285714285714,46.41262617146251,1.3327654123389518,28896.905,8193.228565879906,1.6818125955113228,False
2018-06-08,198,31797.2,167.92857142857142,44.147417880262964,0.6811593976569273,29872.60714285714,7605.631105126554,0.25304840986116106,False
2018-06-09,172,34033.78,173.14285714285714,39.44003655572011,-0.02897708122664979,31095.442142857144,6682.069897400173,0.43973467836457214,False
2018-06-10,193,30295.41,179.78571428571428,33.56779264856056,0.3936596562256342,32209.851428571426,4761.110832989868,-0.4020997401081716,False
2018-06-11,294,57345.56,190.57142857142858,43.59907247728065,2.3722654073080967,34141.32357142858,8183.6295489439135,2.83544560390883,True
2018-06-12,246,46762.43,197.5,44.18797260654726,1.0975837346476003,35378.545,8710.761052814329,1.3068760503219203,False
2018-06-13,259,41586.61,206.0,43.719384892569806,1.2122768911373099,36739.797857142854,8009.103416850275,0.6051628866047585,False
2018-06-14,212,32707.21,211.64285714285714,38.33979082415036,0.009315200982210255,37064.84714285714,7721.122355451488,-0.5643787188245294,False
2018-06-15,186,31498.76,211.78571428571428,38.232444078554856,-0.674445877243246,36651.61214285714,7862.017197788735,-0.6554109477535144,False
2018-06-16,165,29000.08,213.42857142857142,35.39168586789095,-1.3683601173830535,36655.904285714285,7857.498415684722,-0.9743335449399687,False
2018-06-17,152,20751.52,210.64285714285714,38.675388999798805,-1.516283576182316,35790.305,8904.405455168939,-1.6889151191189413,False
2018-06-18,246,41027.07,212.14285714285714,39.66951385724778,0.8534801555415841,36268.92428571429,8999.244816853088,0.5287272222414734,False
2018-06-19,231,40013.6,214.57142857142858,39.71187438327496,0.4136941830046297,36548.04214285714,9054.232479260463,0.3827555637742933,False
2018-06-20,217,34330.26,213.85714285714286,39.56077533435092,0.07944377015604576,36701.84785714286,8992.346411760973,-0.26373404098857733,False
2018-06-21,234,33301.99,214.64285714285714,39.86439927642674,0.4855746783719739,36032.24857142857,8861.310617307005,-0.3081100177321527,False
2018-06-22,179,28753.149999999998,213.28571428571428,40.78730679518371,-0.840597651075183,35814.81642857143,9009.330639479025,-0.783816990535024,False
2018-06-23,151,21181.11,211.78571428571428,42.760835012766705,-1.4215277664144317,34896.76857142857,9822.886965397043,-1.3962960807494316,False
2018-06-24,199,29498.57,212.21428571428572,42.58778909757847,-0.3102834402605108,34839.851428571434,9853.859461036545,-0.5420496861855563,False
2018-06-25,240,41879.92,208.35714285714286,36.640891706602744,0.8635940794299787,33735.16285714285,7786.833231328026,1.0459652725178599,False
2018-06-26,242,37645.54,208.07142857142858,36.33913822633954,0.9336647230665232,33083.95642857142,6949.8003062297485,0.6563618191071777,False
2018-06-27,214,32505.93,204.85714285714286,33.35556035496109,0.27410293952676135,32435.336428571427,6504.7054092162025,0.010852693087153913,False
2018-06-28,243,38773.74,207.07142857142858,34.86118468730291,1.0306182004668725,32868.66,6722.626410623724,0.8783888378310348,False
2018-06-29,174,25098.69,206.21428571428572,35.55965425857029,-0.9059223545887459,32411.512142857147,7033.372129429366,-1.0397320102342509,False
2018-06-30,124,18621.71,203.28571428571428,40.55277391902457,-1.955124313913305,31670.2,7912.57697890956,-1.6490822186981398,False
2018-07-01,161,29060.7,203.92857142857142,39.74043529960692,-1.0802239860970024,32263.712857142855,7320.02353904627,-0.43756865535437556,False
2018-07-02,195,29422.43,200.28571428571428,37.88124880450825,-0.13953379185021017,31434.809999999998,6896.1138474863255,-0.2918136278642676,False
2018-07-03,216,31454.6,199.21428571428572,37.15079162926903,0.4518265573778448,30823.452857142856,6441.483157936238,0.09798164916096015,False
2018-07-04,256,41579.8,202.0,39.94419183734362,1.351886157063658,31341.277142857143,7011.268338072156,1.460295393566135,False
2018-07-05,195,33949.5,199.21428571428572,38.88677562721505,-0.1083732360503641,31387.527857142857,7027.314685591231,0.3645734192194633,False
2018-07-06,121,22108.67,195.07142857142858,43.96408374276335,-1.6848168383270585,30912.92214285714,7431.661581662407,-1.184694976501836,False
2018-07-07,91,11277.24,190.78571428571428,50.95877454665442,-1.958165500906173,30205.502857142856,8778.603258565645,-2.156181604251653,False
2018-07-08,122,17554.72,185.28571428571428,54.06467433536489,-1.1705557291097508,29352.370714285713,9410.236847000919,-1.2537039084245443,False
2018-07-09,148,23122.17,178.71428571428572,52.470399818782695,-0.5853640494519542,28012.53142857143,8805.272839826319,-0.5553901074424734,False
2018-07-10,132,22246.77,170.85714285714286,50.4622587726671,-0.770023851532184,26912.61928571429,8464.580701120232,-0.5512203676074343,False
2018-07-11,127,22148.64,164.64285714285714,50.09622608672162,-0.7514110359868936,26172.812857142853,8390.409488304973,-0.47961578785302117,False
2018-07-12,121,32569.71,155.92857142857142,45.84835251752773,-0.7618282775857278,25729.667857142857,7817.99832379425,0.8749096456108623,False
2018-07-13,167,32529.39,155.42857142857142,45.673951986990936,0.2533485294796564,26260.432142857142,8021.4539698095095,0.7815238834178251,False
2018-07-14,148,26427.02,157.14285714285714,44.846502552694716,-0.20387001488274958,26817.954285714284,7715.092360225618,-0.05067136820418458,False
2018-07-15,152,34489.4,156.5,44.85146425874978,-0.10033117255747397,27205.71857142857,7968.73972604577,0.9140317890876483,False
2018-07-16,245,37854.659999999996,160.07142857142858,49.863605173304336,1.703217630040917,27808.020714285714,8453.119408162524,1.1885126425651835,False
2018-07-17,221,35758.42,160.42857142857142,50.31090153422889,1.2039424205153424,28115.43642857143,8671.377349951743,0.8814036413109277,False
2018-07-18,305,48984.15,163.92857142857142,58.507677715394,2.41116096348345,28644.31857142857,9718.358116062844,2.092928783407667,True
2018-07-19,253,44911.25,168.07142857142858,62.77488998944461,1.3529067345693775,29427.300714285713,10581.876930153523,1.4632516885158713,False
2018-07-20,249,38061.85,177.21428571428572,64.68405887486908,1.1097898853963897,30566.81357142857,10592.100771717816,0.7076062237421378,False
2018-07-21,187,25508.97,184.07142857142858,59.74106213898912,0.049021080705897384,31583.365714285716,9188.331317719263,-0.6610988986184607,False
2018-07-22,215,32962.26,190.71428571428572,57.43414767088802,0.4228445144668547,32683.904285714285,8254.008248060905,0.03372370197850366,False
2018-07-23,305,47975.62,201.92857142857142,63.463453184568664,1.6241068425896925,34459.150714285715,8699.961479373145,1.5536240381938087,False
2018-07-24,270,48083.44,211.78571428571428,62.476061349594424,0.9317854624115742,36304.62714285714,8650.297180336935,1.3616656875000066,False
2018-07-25,268,47917.71,221.85714285714286,59.02653528822363,0.7817307405481936,38145.275,8132.552229669585,1.201644296159293,False
2018-07-26,247,41784.74,230.85714285714286,51.60479575635372,0.3128169951311083,38803.491428571426,8018.692446974561,0.37178736946737395,False
2018-07-27,189,33331.12,232.42857142857142,49.81460132827063,-0.8718040548469664,38860.75785714285,7973.172128947045,-0.6935304754135675,False
2018-07-28,175,30065.12,234.35714285714286,46.721115540649,-1.270456455721826,39120.62214285715,7586.674326270692,-1.1936062829928378,False
2018-07-29,188,36468.26,236.92857142857142,42.65327886343831,-1.1471233333602446,39261.96928571429,7511.817640946678,-0.37190856051747917,False
2018-07-30,284,45814.03,239.71428571428572,44.45642390446695,0.9961600685849246,39830.49571428572,7696.053551604523,0.7774808537379261,False
2018-07-31,320,53402.25,246.78571428571428,48.90206629491354,1.4971613934011,41090.76928571429,8391.180281060164,1.4671929695127757,False
2018-08-01,310,48431.02,247.14285714285714,49.3758850247573,1.2730332393156294,41051.26,8352.368398783643,0.8835529813405633,False
2018-08-02,299,45629.51,250.42857142857142,51.2890965856434,0.9470127532919826,41102.56428571428,8380.062202555715,0.5402043093313929,False
2018-08-03,314,49517.59,255.07142857142858,54.01917648920109,1.0908824469094185,41920.83142857143,8616.279812562183,0.8816750078558039,False
2018-08-04,245,41239.97,259.2142857142857,50.506935656903345,-0.28143235239699,43044.474285714285,7224.754254310641,-0.24976687402725542,False
2018-08-05,276,42272.07,263.57142857142856,49.00818500824348,0.25360195294889787,43709.46071428571,6629.286007686972,-0.21682436277737763,False
2018-08-06,372,65860.43,268.35714285714283,56.12021045913889,1.8468009349024004,44986.94714285714,8861.907902865358,2.3554163602167137,True
2018-08-07,366,58299.19,275.2142857142857,61.90337206103953,1.4665713880044442,45716.64357142857,9531.758645578606,1.3200655719926315,False
2018-08-08,315,51365.11,278.57142857142856,62.750684073150694,0.5805286741751751,45962.88642857143,9636.944454123939,0.5605743186697311,False
2018-08-09,283,46685.51,281.14285714285717,62.09156655587499,0.02990974395003589,46312.94142857143,9562.220604502998,0.03896255763573615,False
2018-08-10,253,39575.29,285.7142857142857,56.926982343009655,-0.5746709972639692,46758.95357142857,9041.579597729044,-0.7945142210806697,False
2018-08-11,186,30565.72,286.5,55.334993796525836,-1.8162105587207966,46794.71071428571,8971.197224148826,-1.8090105822888645,False
2018-08-12,197,36739.75,287.14285714285717,54.14205978130729,-1.6649321711616754,46814.102857142854,8947.420432246103,-1.1259505388654072,False
2018-08-13,288,45876.88,287.42857142857144,54.13475250309586,0.01055566978709058,46818.59214285714,8946.895808476838,-0.1052557404284182,False
2018-08-14,315,51471.33,287.07142857142856,53.91940464992369,0.517968839045981,46680.669285714284,8851.976661847832,0.5411967176702517,False
2018-08-15,285,52358.64,285.2857142857143,53.51409386094711,-0.005339047437796248,46961.21357142857,8973.127116119515,0.6015100821290473,False
2018-08-16,318,42224.8,286.64285714285717,54.12607382890323,0.5793352563547325,46718.02,9057.734937947065,-0.49606441685280556,False
2018-08-17,255,37639.12,282.42857142857144,54.12906838248799,-0.5067253556768256,45869.557857142856,9327.641756523071,-0.8823707076214721,False
2018-08-18,196,28698.1,278.92857142857144,58.168805128779375,-1.4256536857681132,44973.71000000001,10352.457840617782,-1.5721493630375183,False
2018-08-19,204,29989.35,273.7857142857143,61.53320375890716,-1.134114754680111,44096.372857142866,11092.998772239107,-1.2717050769397482,False
2018-08-20,252,39830.07,265.2142857142857,54.787952874877575,-0.24118962328203708,42237.061428571425,9181.246328187632,-0.2621639091831842,False
2018-08-21,239,30830.68,256.14285714285717,46.739634215443274,-0.3667734553470892,40275.025,8385.23445658886,-1.1263066106134845,False
2018-08-22,186,24262.62,246.92857142857142,46.959007140785936,-1.2974842344069133,38339.13285714285,8748.616025624076,-1.6089988194605576,False
2018-08-23,142,19522.579999999998,236.85714285714286,53.31741978703855,-1.77910227531683,36398.92357142857,9713.973090866897,-1.7373265721001174,False
2018-08-24,98,11308.49,225.78571428571428,64.60552318783333,-1.9779379220286106,34379.866428571426,11731.170904898303,-1.9666729447218323,False
2018-08-25,69,11737.76,217.42857142857142,76.60158090928832,-1.9376698191691462,33035.012142857144,13190.501326700783,-1.6145900459254208,False
2018-08-26,73,9304.0,208.57142857142858,85.76597342654165,-1.5807134596046437,31075.315714285713,14564.264331390947,-1.4948448626657453,False
2018-08-27,66,6111.6,192.71428571428572,90.35096404187817,-1.4024674452344852,28234.93857142857,15313.854326314044,-1.4446616834674781,False
2018-08-28,39,4121.23,173.0,91.7169559023852,-1.4610166536994191,24852.78857142857,15013.019119287965,-1.3809053599880996,False
2018-08-29,11,1762.7,153.42857142857142,95.14904444785948,-1.4968996510166799,21238.79285714286,13933.375749491948,-1.3978014522326374,False
2018-08-30,0,0.0,130.71428571428572,90.69257332958938,-1.441289853351629,18222.735714285714,13607.486326616605,-1.3391698714142053,False
2018-08-31,0,0.0,112.5,89.40895670156117,-1.258263200358266,15534.227142857142,13188.010041522555,-1.177905316567663,False
2018-09-01,0,0.0,98.5,90.66485198033189,-1.086418803412019,13484.362857142858,13214.806291510518,-1.0203980716543313,False
2018-09-02,0,0.0,83.92857142857143,88.77843144655127,-0.9453711905137716,11342.266428571429,12756.228435657906,-0.8891551672801671,False
2018-09-03,1,166.46,66.0,76.75635779229356,-0.8468353875765336,8509.151428571427,10062.68758752768,-0.8290718911826179,False
