date,order_count,daily_revenue,order_count_7d_ma,order_count_30d_ma,revenue_7d_ma,revenue_30d_ma,cumulative_orders,cumulative_revenue
2016-09-04,1,136.23,1.0,1.0,136.23,136.23,1,136.23
2016-09-05,1,75.06,1.0,1.0,105.64,105.64,2,211.29
2016-09-06,0,0.0,0.67,0.67,70.43,70.43,2,211.29
2016-09-07,0,0.0,0.5,0.5,52.82,52.82,2,211.29
2016-09-08,0,0.0,0.4,0.4,42.26,42.26,2,211.29
2016-09-09,0,0.0,0.33,0.33,35.21,35.21,2,211.29
2016-09-10,0,0.0,0.29,0.29,30.18,30.18,2,211.29
2016-09-11,0,0.0,0.14,0.25,10.72,26.41,2,211.29
2016-09-12,0,0.0,0.0,0.22,0.0,23.48,2,211.29
2016-09-13,1,40.95,0.14,0.3,5.85,25.22,3,252.24
2016-09-14,0,0.0,0.14,0.27,5.85,22.93,3,252.24
2016-09-15,1,0.0,0.29,0.33,5.85,21.02,4,252.24
2016-09-16,0,0.0,0.29,0.31,5.85,19.4,4,252.24
2016-09-17,0,0.0,0.29,0.29,5.85,18.02,4,252.24
2016-09-18,0,0.0,0.29,0.27,5.85,16.82,4,252.24
2016-09-19,0,0.0,0.29,0.25,5.85,15.76,4,252.24
2016-09-20,0,0.0,0.14,0.24,0.0,14.84,4,252.24
2016-09-21,0,0.0,0.14,0.22,0.0,14.01,4,252.24
2016-09-22,0,0.0,0.0,0.21,0.0,13.28,4,252.24
2016-09-23,0,0.0,0.0,0.2,0.0,12.61,4,252.24
2016-09-24,0,0.0,0.0,0.19,0.0,12.01,4,252.24
2016-09-25,0,0.0,0.0,0.18,0.0,11.47,4,252.24
2016-09-26,0,0.0,0.0,0.17,0.0,10.97,4,252.24
2016-09-27,0,0.0,0.0,0.17,0.0,10.51,4,252.24
2016-09-28,0,0.0,0.0,0.16,0.0,10.09,4,252.24
2016-09-29,0,0.0,0.0,0.15,0.0,9.7,4,252.24
2016-09-30,0,0.0,0.0,0.15,0.0,9.34,4,252.24
2016-10-01,0,0.0,0.0,0.14,0.0,9.01,4,252.24
2016-10-02,1,109.34,0.14,0.17,15.62,12.47,5,361.58
2016-10-03,8,595.14,1.29,0.43,100.64,31.89,13,956.72
2016-10-04,63,11914.65,10.29,2.5,1802.73,424.5,76,12871.37
2016-10-05,47,10212.22,17.0,4.03,3261.62,762.41,123,23083.59
2016-10-06,51,9398.61,24.29,5.73,4604.28,1075.7,174,32482.2
2016-10-07,46,8255.19,30.86,7.27,5783.59,1350.87,220,40737.39
2016-10-08,42,9716.130000000001,36.86,8.67,7171.61,1674.74,262,50453.52
2016-10-09,26,4152.11,40.43,9.53,7749.15,1813.14,288,54605.63
2016-10-10,39,4675.1,44.86,10.83,8332.0,1968.98,327,59280.73
2016-10-11,0,0.0,35.86,10.83,6629.91,1968.98,327,59280.73
2016-10-12,0,0.0,29.14,10.83,5171.02,1968.98,327,59280.73
2016-10-13,0,0.0,21.86,10.8,3828.36,1967.62,327,59280.73
2016-10-14,0,0.0,15.29,10.8,2649.05,1967.62,327,59280.73
2016-10-15,0,0.0,9.29,10.77,1261.03,1967.62,327,59280.73
2016-10-16,0,0.0,5.57,10.77,667.87,1967.62,327,59280.73
2016-10-17,0,0.0,0.0,10.77,0.0,1967.62,327,59280.73
2016-10-18,0,0.0,0.0,10.77,0.0,1967.62,327,59280.73
2016-10-19,0,0.0,0.0,10.77,0.0,1967.62,327,59280.73
2016-10-20,0,0.0,0.0,10.77,0.0,1967.62,327,59280.73
2016-10-21,0,0.0,0.0,10.77,0.0,1967.62,327,59280.73
2016-10-22,1,61.99,0.14,10.8,8.86,1969.68,328,59342.72
2016-10-23,0,0.0,0.14,10.8,8.86,1969.68,328,59342.72
2016-10-24,0,0.0,0.14,10.8,8.86,1969.68,328,59342.72
2016-10-25,0,0.0,0.14,10.8,8.86,1969.68,328,59342.72
2016-10-26,0,0.0,0.14,10.8,8.86,1969.68,328,59342.72
2016-10-27,0,0.0,0.14,10.8,8.86,1969.68,328,59342.72
2016-10-28,0,0.0,0.14,10.8,8.86,1969.68,328,59342.72
2016-10-29,0,0.0,0.0,10.8,0.0,1969.68,328,59342.72
2016-10-30,0,0.0,0.0,10.8,0.0,1969.68,328,59342.72
2016-10-31,0,0.0,0.0,10.8,0.0,1969.68,328,59342.72
2016-11-01,0,0.0,0.0,10.77,0.0,1966.04,328,59342.72
2016-11-02,0,0.0,0.0,10.5,0.0,1946.2,328,59342.72
2016-11-03,0,0.0,0.0,8.4,0.0,1549.04,328,59342.72
2016-11-04,0,0.0,0.0,6.83,0.0,1208.64,328,59342.72
2016-11-05,0,0.0,0.0,5.13,0.0,895.35,328,59342.72
2016-11-06,0,0.0,0.0,3.6,0.0,620.18,328,59342.72
2016-11-07,0,0.0,0.0,2.2,0.0,296.31,328,59342.72
2016-11-08,0,0.0,0.0,1.33,0.0,157.9,328,59342.72
2016-11-09,0,0.0,0.0,0.03,0.0,2.07,328,59342.72
2016-11-10,0,0.0,0.0,0.03,0.0,2.07,328,59342.72
2016-11-11,0,0.0,0.0,0.03,0.0,2.07,328,59342.72
2016-11-12,0,0.0,0.0,0.03,0.0,2.07,328,59342.72
2016-11-13,0,0.0,0.0,0.03,0.0,2.07,328,59342.72
2016-11-14,0,0.0,0.0,0.03,0.0,2.07,328,59342.72
2016-11-15,0,0.0,0.0,0.03,0.0,2.07,328,59342.72
2016-11-16,0,0.0,0.0,0.03,0.0,2.07,328,59342.72
2016-11-17,0,0.0,0.0,0.03,0.0,2.07,328,59342.72
2016-11-18,0,0.0,0.0,0.03,0.0,2.07,328,59342.72
2016-11-19,0,0.0,0.0,0.03,0.0,2.07,328,59342.72
2016-11-20,0,0.0,0.0,0.03,0.0,2.07,328,59342.72
2016-11-21,0,0.0,0.0,0.0,0.0,0.0,328,59342.72
2016-11-22,0,0.0,0.0,0.0,0.0,0.0,328,59342.72
2016-11-23,0,0.0,0.0,0.0,0.0,0.0,328,59342.72
2016-11-24,0,0.0,0.0,0.0,0.0,0.0,328,59342.72
2016-11-25,0,0.0,0.0,0.0,0.0,0.0,328,59342.72
2016-11-26,0,0.0,0.0,0.0,0.0,0.0,328,59342.72
2016-11-27,0,0.0,0.0,0.0,0.0,0.0,328,59342.72
2016-11-28,0,0.0,0.0,0.0,0.0,0.0,328,59342.72
2016-11-29,0,0.0,0.0,0.0,0.0,0.0,328,59342.72
2016-11-30,0,0.0,0.0,0.0,0.0,0.0,328,59342.72
2016-12-01,0,0.0,0.0,0.0,0.0,0.0,328,59342.72
2016-12-02,0,0.0,0.0,0.0,0.0,0.0,328,59342.72
2016-12-03,0,0.0,0.0,0.0,0.0,0.0,328,59342.72
2016-12-04,0,0.0,0.0,0.0,0.0,0.0,328,59342.72
2016-12-05,0,0.0,0.0,0.0,0.0,0.0,328,59342.72
2016-12-06,0,0.0,0.0,0.0,0.0,0.0,328,59342.72
2016-12-07,0,0.0,0.0,0.0,0.0,0.0,328,59342.72
2016-12-08,0,0.0,0.0,0.0,0.0,0.0,328,59342.72
2016-12-09,0,0.0,0.0,0.0,0.0,0.0,328,59342.72
2016-12-10,0,0.0,0.0,0.0,0.0,0.0,328,59342.72
2016-12-11,0,0.0,0.0,0.0,0.0,0.0,328,59342.72
2016-12-12,0,0.0,0.0,0.0,0.0,0.0,328,59342.72
2016-12-13,0,0.0,0.0,0.0,0.0,0.0,328,59342.72
2016-12-14,0,0.0,0.0,0.0,0.0,0.0,328,59342.72
2016-12-15,0,0.0,0.0,0.0,0.0,0.0,328,59342.72
2016-12-16,0,0.0,0.0,0.0,0.0,0.0,328,59342.72
2016-12-17,0,0.0,0.0,0.0,0.0,0.0,328,59342.72
2016-12-18,0,0.0,0.0,0.0,0.0,0.0,328,59342.72
2016-12-19,0,0.0,0.0,0.0,0.0,0.0,328,59342.72
2016-12-20,0,0.0,0.0,0.0,0.0,0.0,328,59342.72
2016-12-21,0,0.0,0.0,0.0,0.0,0.0,328,59342.72
2016-12-22,0,0.0,0.0,0.0,0.0,0.0,328,59342.72
2016-12-23,1,19.62,0.14,0.03,2.8,0.65,329,59362.34
2016-12-24,0,0.0,0.14,0.03,2.8,0.65,329,59362.34
2016-12-25,0,0.0,0.14,0.03,2.8,0.65,329,59362.34
2016-12-26,0,0.0,0.14,0.03,2.8,0.65,329,59362.34
2016-12-27,0,0.0,0.14,0.03,2.8,0.65,329,59362.34
2016-12-28,0,0.0,0.14,0.03,2.8,0.65,329,59362.34
2016-12-29,0,0.0,0.14,0.03,2.8,0.65,329,59362.34
2016-12-30,0,0.0,0.0,0.03,0.0,0.65,329,59362.34
2016-12-31,0,0.0,0.0,0.03,0.0,0.65,329,59362.34
2017-01-01,0,0.0,0.0,0.03,0.0,0.65,329,59362.34
2017-01-02,0,0.0,0.0,0.03,0.0,0.65,329,59362.34
2017-01-03,0,0.0,0.0,0.03,0.0,0.65,329,59362.34
2017-01-04,0,0.0,0.0,0.03,0.0,0.65,329,59362.34
2017-01-05,32,707.27,4.57,1.1,101.04,24.23,361,60069.61
2017-01-06,4,988.28,5.14,1.23,242.22,57.17,365,61057.89
2017-01-07,4,1447.99,5.71,1.37,449.08,105.44,369,62505.88
2017-01-08,6,809.63,6.57,1.57,564.74,132.43,375,63315.51
2017-01-09,5,774.51,7.29,1.73,675.38,158.24,380,64090.02
2017-01-10,6,1571.17,8.14,1.93,899.84,210.62,386,65661.19
2017-01-11,12,3062.33,9.86,2.33,1337.31,312.69,398,68723.52
2017-01-12,13,2502.69,7.14,2.77,1593.8,396.12,411,71226.21
2017-01-13,12,2903.97,8.29,3.17,1867.47,492.92,423,74130.18
2017-01-14,18,1507.36,10.29,3.77,1875.95,543.16,441,75637.54
2017-01-15,14,2551.34,11.43,4.23,2124.77,628.21,455,78188.88
2017-01-16,19,3712.2400000000002,13.43,4.87,2544.44,751.95,474,81901.12
2017-01-17,32,3893.61,17.14,5.93,2876.22,881.73,506,85794.73
2017-01-18,33,4683.38,20.14,7.03,3107.8,1037.85,539,90478.11
2017-01-19,29,4140.16,22.43,8.0,3341.72,1175.85,568,94618.27
2017-01-20,29,4698.07,24.86,8.97,3598.02,1332.45,597,99316.34
2017-01-21,24,3094.76,25.71,9.77,3824.79,1435.61,621,102411.1
2017-01-22,31,4280.22,28.14,10.77,4071.78,1577.63,652,106691.32
2017-01-23,39,7553.889999999999,31.0,12.07,4620.58,1829.43,691,114245.21
2017-01-24,40,6794.5,32.14,13.4,5035.0,2055.91,731,121039.71
2017-01-25,63,10434.31,36.43,15.5,5856.56,2403.72,794,131474.02
2017-01-26,86,15191.96,44.57,18.37,7435.39,2910.12,880,146665.98
2017-01-27,62,12904.13,49.29,20.43,8607.68,3340.26,942,159570.11
2017-01-28,29,5909.98,50.0,21.4,9009.86,3537.26,971,165480.09
2017-01-29,35,7160.66,50.57,22.57,9421.35,3775.95,1006,172640.75
2017-01-30,53,12187.9,52.57,24.33,10083.35,4182.21,1059,184828.65
2017-01-31,70,13021.73,56.86,26.67,10972.95,4616.27,1129,197850.38
2017-02-01,73,10310.99,58.29,29.1,10955.34,4959.97,1202,208161.37
2017-02-02,69,10676.54,55.86,31.4,10310.28,5315.85,1271,218837.91
2017-02-03,60,11639.19,55.57,33.4,10129.57,5703.83,1331,230477.1
2017-02-04,67,15747.17,61.0,34.57,11534.88,6205.16,1398,246224.27
2017-02-05,75,10153.24,66.71,36.93,11962.39,6510.65,1473,256377.51
2017-02-06,85,11626.0,71.29,39.63,11882.12,6849.92,1558,268003.51
2017-02-07,112,16627.21,77.29,43.17,12397.19,7377.17,1670,284630.72
2017-02-08,95,14299.97,80.43,46.17,12967.05,7828.02,1765,298930.69
2017-02-09,77,10844.17,81.57,48.53,12990.99,8137.12,1842,309774.86
2017-02-10,66,15674.09,82.43,50.33,13567.41,8557.51,1908,325448.95
2017-02-11,49,5648.37,79.86,51.53,12124.72,8662.37,1957,331097.32
2017-02-12,64,16682.29,78.29,53.27,13057.44,9121.65,2021,347779.61
2017-02-13,78,13092.09,77.29,55.27,13266.88,9507.81,2099,360871.7
2017-02-14,76,15309.08,72.14,57.33,13078.58,9933.06,2175,376180.78
2017-02-15,62,8326.4,67.43,58.77,12225.21,10086.87,2237,384507.18
2017-02-16,55,7803.72,64.29,59.53,11790.86,10217.21,2292,392310.9
2017-02-17,46,8093.57,61.43,59.97,10707.93,10330.88,2338,400404.47
2017-02-18,54,9308.3,62.14,60.8,11230.78,10503.15,2392,409712.77
2017-02-19,40,4477.65,58.71,61.17,9487.26,10495.8,2432,414190.42
2017-02-20,63,9157.3,56.57,62.47,8925.15,10697.89,2495,423347.72
2017-02-21,41,9333.46,51.57,62.8,8071.49,10866.33,2536,432681.18
2017-02-22,63,9393.369999999999,51.71,63.6,8223.91,10927.64,2599,442074.55
2017-02-23,59,8571.86,52.29,64.23,8333.64,10986.89,2658,450646.41
2017-02-24,64,7983.01,54.86,64.27,8317.85,10905.18,2722,458629.42
2017-02-25,43,5126.18,53.29,62.83,7720.4,10569.65,2765,463755.6
2017-02-26,46,6583.5,54.14,62.3,8021.24,10358.97,2811,470339.1
2017-02-27,43,6836.7699999999995,51.29,62.77,7689.74,10389.86,2854,477175.87
2017-02-28,55,12582.52,53.29,63.43,8153.89,10570.59,2909,489758.39
2017-03-01,99,18923.17,58.43,64.97,9515.29,10795.1,3008,508681.56
2017-03-02,72,13146.36,60.29,65.03,10168.79,10799.25,3080,521827.92
2017-03-03,74,14154.71,61.71,65.07,11050.46,10927.38,3154,535982.63
2017-03-04,80,15533.69,67.0,65.43,12537.25,11089.28,3234,551516.32
2017-03-05,74,8789.14,71.0,65.9,12852.34,10994.28,3308,560305.46
2017-03-06,105,13515.12,79.86,67.17,13806.39,10919.88,3413,573820.58
2017-03-07,82,13855.37,83.71,67.4,13988.22,11043.28,3495,587675.95
2017-03-08,79,16769.66,80.86,67.2,13680.58,11214.74,3574,604445.61
2017-03-09,93,13828.33,83.86,66.57,13778.0,11121.44,3667,618273.94
2017-03-10,88,14518.92,85.86,66.33,13830.03,11128.74,3755,632792.86
2017-03-11,71,12503.97,84.57,66.13,13397.22,11184.07,3826,645296.83
2017-03-12,64,7853.18,83.14,66.07,13263.51,10923.37,3890,653150.01
2017-03-13,111,19306.06,84.0,68.13,14090.78,11378.62,4001,672456.07
2017-03-14,99,16542.98,86.43,69.3,14474.73,11373.98,4100,688999.05
2017-03-15,108,17364.91,90.57,70.3,14559.76,11516.41,4208,706363.96
2017-03-16,103,16653.72,92.0,71.2,14963.39,11561.23,4311,723017.68
2017-03-17,65,13611.28,88.71,71.3,14833.73,11737.39,4376,736628.96
2017-03-18,73,17943.07,89.0,71.9,15610.74,12075.37,4449,754572.03
2017-03-19,56,7728.08,87.86,72.23,15592.87,12063.19,4505,762300.11
2017-03-20,119,20014.93,89.0,74.4,15694.14,12420.08,4624,782315.04
2017-03-21,97,14937.51,88.71,76.3,15464.79,12768.74,4721,797252.55
2017-03-22,105,16390.14,88.29,77.7,15325.53,13009.83,4826,813642.69
2017-03-23,114,22913.37,89.86,80.13,16219.77,13462.5,4940,836556.06
2017-03-24,79,13386.91,91.86,80.67,16187.72,13595.61,5019,849942.97
2017-03-25,76,11251.74,92.29,81.23,15231.81,13684.94,5095,861194.71
2017-03-26,64,7642.02,93.43,81.23,15219.52,13673.58,5159,868836.73
2017-03-27,111,20549.29,92.29,83.5,15295.85,14187.68,5270,889386.02
2017-03-28,103,14838.58,93.14,85.4,15281.72,14462.85,5373,904224.6
2017-03-29,74,10209.11,88.71,86.43,14398.72,14575.26,5447,914433.71
2017-03-30,74,11435.0,83.0,87.07,12758.95,14537.01,5521,925868.71
2017-03-31,70,13753.279999999999,81.71,86.1,12811.29,14364.68,5591,939621.99
2017-04-01,68,20574.68,80.57,85.97,14143.14,14612.29,5659,960196.67
2017-04-02,65,10608.62,80.71,85.67,14566.94,14494.09,5724,970805.29
2017-04-03,72,10776.9,75.14,85.4,13170.88,14335.53,5796,981582.19
2017-04-04,96,14152.99,74.14,86.13,13072.94,14514.32,5892,995735.18
2017-04-05,96,20774.55,77.29,85.83,14582.29,14756.3,5988,1016509.73
2017-04-06,96,26863.579999999998,80.43,86.3,16786.37,15189.91,6084,1043373.31
2017-04-07,85,15043.72,82.57,86.5,16970.72,15132.38,6169,1058417.03
2017-04-08,68,10290.74,82.57,85.67,15501.59,15014.46,6237,1068707.77
2017-04-09,73,9689.41,83.71,85.17,15370.27,14853.48,6310,1078397.18
2017-04-10,87,13492.1,85.86,85.7,15758.16,14886.42,6397,1091889.28
2017-04-11,78,9878.09,83.29,86.17,15147.46,14953.91,6475,1101767.37
2017-04-12,63,9407.94,78.57,84.57,13523.65,14623.97,6538,1111175.31
2017-04-13,60,11216.11,73.43,83.27,11288.3,14446.41,6598,1122391.42
2017-04-14,54,10515.9,69.0,81.47,10641.47,14218.11,6652,1132907.32
2017-04-15,52,9391.56,66.71,79.77,10513.02,13976.04,6704,1142298.88
2017-04-16,49,6532.21,63.29,79.23,10061.99,13740.07,6753,1148831.09
2017-04-17,65,10765.57,60.14,78.97,9672.48,13500.82,6818,1159596.66
2017-04-18,71,23433.86,59.14,79.47,11609.02,14024.35,6889,1183030.52
2017-04-19,97,13941.25,64.0,78.73,12256.64,13821.89,6986,1196971.77
2017-04-20,98,16056.0,69.43,78.77,12948.05,13859.17,7084,1213027.77
2017-04-21,68,10162.6,71.43,77.53,12897.58,13651.59,7152,1223190.37
2017-04-22,84,15005.06,76.0,76.53,13699.51,13387.98,7236,1238195.43
2017-04-23,88,11839.91,81.57,76.83,14457.75,13336.41,7324,1250035.34
2017-04-24,115,17711.57,88.71,78.13,15450.04,13551.74,7439,1267746.91
2017-04-25,111,17176.35,94.43,79.7,14556.11,13869.55,7550,1284923.26
2017-04-26,125,18696.09,98.43,80.17,15235.37,13807.78,7675,1303619.35
2017-04-27,80,12455.1,95.86,79.4,14720.95,13728.33,7755,1316074.45
2017-04-28,98,18063.29,100.14,80.2,15849.62,13990.13,7853,1334137.74
2017-04-29,74,13835.28,98.71,80.2,15682.51,14070.14,7927,1347973.02
2017-04-30,68,9437.0,95.86,80.13,15339.24,13926.27,7995,1357410.02
2017-05-01,117,14869.67,96.14,81.77,14933.25,13736.1,8112,1372279.69
2017-05-02,128,20673.08,98.57,83.87,15432.79,14071.58,8240,1392952.77
2017-05-03,103,12192.34,95.43,84.9,14503.68,14118.76,8343,1405145.11
2017-05-04,109,15901.72,99.57,85.33,14996.05,14177.05,8452,1421046.83
2017-05-05,111,16584.579999999998,101.43,85.83,14784.81,14037.39,8563,1437631.41
2017-05-06,109,19227.55,106.43,86.27,15555.13,13782.86,8672,1456858.96
2017-05-07,111,20467.98,112.57,87.13,17130.99,13963.66,8783,1477326.94
2017-05-08,124,19194.68,113.57,89.0,17748.85,14260.46,8907,1496521.62
2017-05-09,128,24245.05,113.57,90.83,18259.13,14745.65,9035,1520766.67
2017-05-10,116,23418.4,115.43,91.8,19862.85,15076.53,9151,1544185.07
2017-05-11,126,21204.04,117.86,93.4,20620.33,15454.06,9277,1565389.11
2017-05-12,115,15314.460000000001,118.43,95.13,20438.88,15650.94,9392,1580703.57
2017-05-13,73,10675.67,113.29,95.57,19217.18,15632.93,9465,1591379.24
2017-05-14,112,17551.83,113.43,97.5,18800.59,15867.46,9577,1608931.07
2017-05-15,157,21907.01,118.14,101.0,19188.07,16284.64,9734,1630838.08
2017-05-16,153,24535.57,121.71,104.47,19229.57,16884.75,9887,1655373.65
2017-05-17,141,21396.33,125.29,107.0,18940.7,17239.11,10028,1676769.98
2017-05-18,125,20861.79,125.14,108.8,18891.81,17153.38,10153,1697631.77
2017-05-19,144,21525.09,129.29,110.37,19779.04,17406.17,10297,1719156.86
2017-05-20,72,12364.17,129.14,109.5,20020.26,17283.11,10369,1731521.03
2017-05-21,148,20368.53,134.29,112.17,20422.64,17623.31,10517,1751889.56
2017-05-22,148,28906.6,133.0,114.3,21422.58,18086.69,10665,1780796.16
2017-05-23,125,20622.47,129.0,115.53,20863.57,18379.44,10790,1801418.63
2017-05-24,142,26991.95,129.14,116.43,21662.94,18688.79,10932,1828410.58
2017-05-25,108,18420.66,126.71,116.33,21314.21,18730.27,11040,1846831.24
2017-05-26,80,12680.52,117.57,114.83,20050.7,18529.75,11120,1859511.76
2017-05-27,83,16333.54,119.14,114.93,20617.75,18659.03,11203,1875845.3
2017-05-28,98,11120.710000000001,112.0,114.93,19296.64,18427.61,11301,1886966.01
2017-05-29,160,22225.09,113.71,117.8,18342.13,18707.27,11461,1909191.1
2017-05-30,105,17074.36,110.86,119.03,17835.26,18961.85,11566,1926265.46
2017-05-31,129,24063.38,109.0,119.43,17416.89,19268.3,11695,1950328.84
2017-06-01,124,21781.38,111.29,119.3,17897.0,19305.25,11819,1972110.22
2017-06-02,127,21769.38,118.0,120.1,19195.41,19624.48,11946,1993879.6
2017-06-03,89,12265.44,118.86,119.43,18614.25,19503.27,12035,2006145.04
2017-06-04,102,16029.49,119.43,119.13,19315.5,19484.77,12137,2022174.53
2017-06-05,147,27400.54,117.57,120.4,20054.85,19757.2,12284,2049575.07
2017-06-06,134,17525.09,121.71,121.17,20119.24,19659.11,12418,2067100.16
2017-06-07,129,16072.62,121.71,121.33,18977.71,19555.04,12547,2083172.78
2017-06-08,137,22106.28,123.57,121.63,19024.12,19483.75,12684,2105279.06
2017-06-09,108,18738.53,120.86,121.37,18591.14,19327.75,12792,2124017.59
2017-06-10,77,9892.1,119.14,119.73,18252.09,18950.69,12869,2133909.69
2017-06-11,115,19348.54,121.0,119.73,18726.24,19085.16,12984,2153258.23
2017-06-12,126,17389.2,118.0,121.5,17296.05,19308.94,13110,2170647.43
2017-06-13,126,16894.89,116.86,121.97,17206.02,19287.04,13236,2187542.32
2017-06-14,131,23559.52,117.14,121.1,18275.58,19342.13,13367,2211101.84
2017-06-15,108,15105.26,113.0,119.6,17275.43,19027.78,13475,2226207.1
2017-06-16,97,14777.69,111.43,118.13,16709.6,18807.16,13572,2240984.79
2017-06-17,75,13070.16,111.14,116.47,17163.61,18547.44,13647,2254054.95
2017-06-18,90,19733.69,107.57,114.67,17218.63,18487.73,13737,2273788.64
2017-06-19,156,25933.44,111.86,117.47,18439.24,18940.04,13893,2299722.08
2017-06-20,94,14659.82,107.29,115.67,18119.94,18749.74,13987,2314381.9
2017-06-21,35,7275.1,93.57,111.9,15793.59,18028.69,14022,2321657.0
2017-06-22,88,10609.039999999999,90.71,110.67,15151.28,17694.91,14110,2332266.04
2017-06-23,107,15698.5,92.14,109.5,15282.82,17318.47,14217,2347964.54
2017-06-24,76,10013.7,92.29,108.43,14846.18,17038.23,14293,2357978.24
2017-06-25,105,20734.34,94.43,109.27,14989.13,17306.69,14398,2378712.58
2017-06-26,72,15200.32,82.43,108.9,13455.83,17268.92,14470,2393912.9
2017-06-27,141,19680.13,89.14,110.33,14173.02,17554.23,14611,2413593.03
2017-06-28,120,17080.88,101.29,109.0,15573.84,17382.76,14731,2430673.91
2017-06-29,114,14694.57,105.0,109.3,16157.49,17303.43,14845,2445368.48
2017-06-30,95,16236.74,103.29,108.17,16234.38,17042.55,14940,2461605.22
2017-07-01,80,14139.0,103.86,106.7,16823.71,16787.8,15020,2475744.22
2017-07-02,108,14002.37,104.29,106.07,15862.0,16528.9,15128,2489746.59
2017-07-03,118,19328.18,110.86,107.03,16451.7,16764.32,15246,2509074.77
2017-07-04,125,18107.6,108.57,107.8,16227.05,16833.59,15371,2527182.37
2017-07-05,145,24664.579999999998,112.14,107.73,17310.43,16742.4,15516,2551846.95
2017-07-06,154,26556.07,117.86,108.4,19004.93,17043.43,15670,2578403.02
2017-07-07,121,16676.75,121.57,108.13,19067.79,17063.57,15791,2595079.77
2017-07-08,84,12001.35,122.14,106.37,18762.41,16726.74,15875,2607081.12
2017-07-09,94,10701.14,120.14,105.9,18290.81,16458.82,15969,2617782.26
2017-07-10,143,20661.8,123.71,108.1,18481.33,16817.81,16112,2638444.06
2017-07-11,165,24964.63,129.43,109.77,19460.9,17005.02,16277,2663408.69
2017-07-12,153,22740.8,130.57,110.67,19186.08,17183.4,16430,2686149.49
2017-07-13,137,17986.75,128.14,111.03,17961.89,17219.8,16567,2704136.24
2017-07-14,149,21833.26,132.14,111.63,18698.53,17162.26,16716,2725969.5
2017-07-15,98,13128.05,134.14,111.3,18859.49,17096.35,16814,2739097.55
2017-07-16,114,16150.23,137.0,111.87,19637.93,17142.1,16928,2755247.78
2017-07-17,168,25799.54,140.57,114.97,20371.89,17566.41,17096,2781047.32
2017-07-18,192,32450.89,144.43,118.37,21441.36,17990.32,17288,2813498.21
2017-07-19,153,20411.75,144.43,118.27,21108.64,17806.26,17441,2833909.96
2017-07-20,142,22517.84,145.14,119.87,21755.94,18068.2,17583,2856427.8
2017-07-21,115,15870.789999999999,140.29,122.53,20904.16,18354.72,17698,2872298.59
2017-07-22,88,13318.54,138.86,122.53,20931.37,18445.04,17786,2885617.13
2017-07-23,105,14066.83,137.57,122.47,20633.74,18390.65,17891,2899683.96
2017-07-24,162,22950.01,136.71,125.33,20226.66,18821.86,18053,2922633.97
2017-07-25,153,20884.7,131.14,126.93,18574.35,18826.87,18206,2943518.67
2017-07-26,124,14053.84,127.0,128.67,17666.08,18788.65,18330,2957572.51
2017-07-27,124,18945.82,124.43,128.1,17155.79,18764.18,18454,2976518.33
2017-07-28,132,23276.3,126.86,128.5,18213.72,18970.69,18586,2999794.63
2017-07-29,115,18371.91,130.71,128.53,18935.63,19093.27,18701,3018166.54
2017-07-30,117,15341.69,132.43,129.27,19117.75,19063.43,18818,3033508.23
2017-07-31,148,20479.91,130.43,131.53,18764.88,19274.8,18966,3053988.14
2017-08-01,165,25417.36,132.14,133.43,19412.4,19655.3,19131,3079405.5
2017-08-02,157,21690.26,136.86,134.73,20503.32,19734.03,19288,3101095.76
2017-08-03,148,22380.55,140.29,135.5,20994.0,19876.46,19436,3123476.31
2017-08-04,142,21712.53,141.71,135.4,20770.6,19778.06,19578,3145188.84
2017-08-05,115,14465.84,141.71,134.1,20212.59,19375.06,19693,3159654.68
2017-08-06,109,17023.39,140.57,133.7,20452.83,19386.61,19802,3176678.07
2017-08-07,157,26629.34,141.86,136.13,21331.32,19874.21,19959,3203307.41
2017-08-08,146,21541.13,139.14,137.87,20777.58,20235.54,20105,3224848.54
2017-08-09,144,24214.39,137.29,137.9,21138.17,20353.96,20249,3249062.93
2017-08-10,157,23594.02,138.57,137.63,21311.52,20308.28,20406,3272656.95
2017-08-11,141,23627.11,138.43,137.23,21585.03,20337.82,20547,3296284.06
2017-08-12,98,16221.09,136.0,135.93,21835.78,20278.96,20645,3312505.15
2017-08-13,96,15928.58,134.14,134.17,21679.38,20082.14,20741,3328433.73
2017-08-14,159,22232.12,134.43,136.2,21051.21,20385.61,20900,3350665.85
2017-08-15,194,27992.04,141.29,138.87,21972.76,20780.34,21094,3378657.89
2017-08-16,174,28398.61,145.57,139.07,22570.51,20866.97,21268,3407056.5
2017-08-17,158,21885.09,145.71,137.93,22326.38,20514.78,21426,3428941.59
2017-08-18,147,20143.72,146.57,137.73,21828.75,20505.84,21573,3449085.31
2017-08-19,108,15172.92,148.0,136.6,21679.01,20261.01,21681,3464258.23
2017-08-20,104,15073.71,149.14,136.23,21556.89,20234.44,21785,3479331.94
2017-08-21,177,26019.72,151.71,139.2,22097.97,20657.82,21962,3505351.66
2017-08-22,138,19955.45,143.71,140.3,20949.89,20854.1,22100,3525307.11
2017-08-23,112,18789.7,134.86,138.63,19577.19,20715.43,22212,3544096.81
2017-08-24,128,16398.73,130.57,137.8,18793.42,20565.9,22340,3560495.54
2017-08-25,123,17403.72,127.14,137.77,18401.99,20677.56,22463,3577899.26
2017-08-26,93,12054.65,125.0,136.73,17956.53,20447.85,22556,3589953.91
2017-08-27,119,16327.14,127.14,136.3,18135.59,20216.21,22675,3606281.05
2017-08-28,155,25696.59,124.0,137.63,18089.43,20460.37,22830,3631977.64
2017-08-29,137,37025.7,123.86,138.3,20528.03,21183.17,22967,3669003.34
2017-08-30,181,35466.27,133.71,139.4,22910.4,21682.72,23148,3704469.61
2017-08-31,149,23914.85,136.71,138.87,23984.13,21632.63,23297,3728384.46
2017-09-01,158,32485.27,141.71,138.9,26138.64,21992.47,23455,3760869.73
2017-09-02,104,20479.18,143.29,137.43,27342.14,21929.09,23559,3781348.91
2017-09-03,125,30950.78,144.14,136.87,29431.23,22237.03,23684,3812299.69
2017-09-04,150,28719.24,143.43,138.03,29863.04,22712.14,23834,3841018.93
2017-09-05,157,24954.68,146.29,139.63,28138.61,22976.52,23991,3865973.61
2017-09-06,140,28821.83,140.43,139.07,27189.4,23049.6,24131,3894795.44
2017-09-07,99,21328.86,133.29,137.5,26819.98,23042.53,24230,3916124.3
2017-09-08,116,14789.08,127.29,136.57,24291.95,22728.35,24346,3930913.38
2017-09-09,106,17681.22,127.57,134.87,23892.24,22531.26,24452,3948594.6
2017-09-10,136,20978.6,129.14,134.7,22467.64,22442.97,24588,3969573.2
2017-09-11,180,27103.89,133.43,137.43,22236.88,22805.73,24768,3996677.09
2017-09-12,206,32784.96,140.43,141.1,23355.49,23367.61,24974,4029462.05
2017-09-13,207,32054.37,150.0,142.7,23817.28,23695.02,25181,4061516.42
2017-09-14,166,26502.510000000002,159.57,141.77,24556.38,23645.37,25347,4088018.93
2017-09-15,150,21556.66,164.43,140.97,25523.17,23417.3,25497,4109575.59
2017-09-16,129,24040.31,167.71,140.0,26431.61,23489.14,25626,4133615.9
2017-09-17,126,22848.42,166.29,139.3,26698.73,23579.3,25752,4156464.32
2017-09-18,183,32535.23,166.71,141.8,27474.64,24158.04,25935,4188999.55
2017-09-19,154,23478.66,159.29,143.47,26145.17,24438.21,26089,4212478.21
2017-09-20,163,26170.079999999998,153.0,143.0,25304.55,24443.22,26252,4238648.29
2017-09-21,150,22458.19,150.71,143.4,24726.79,24526.65,26402,4261106.48
2017-09-22,138,19200.25,149.0,144.27,24390.16,24540.33,26540,4280306.73
2017-09-23,88,12574.83,143.14,142.93,22752.24,24412.87,26628,4292881.56
2017-09-24,118,15880.06,142.0,142.77,21756.76,24362.08,26746,4308761.62
2017-09-25,136,21203.05,135.29,144.2,20137.87,24667.03,26882,4329964.67
2017-09-26,180,25296.36,139.0,146.23,20397.55,24966.0,27062,4355261.03
2017-09-27,147,24879.94,136.71,145.97,20213.24,24938.78,27209,4380140.97
2017-09-28,143,26629.3,135.71,146.17,20809.11,24592.23,27352,4406770.27
2017-09-29,121,34497.47,133.29,144.17,22994.43,24559.94,27473,4441267.74
2017-09-30,109,14879.17,136.29,142.83,23323.62,24258.75,27582,4456146.91
2017-10-01,128,21909.43,137.71,141.83,24184.96,23906.22,27710,4478056.34
2017-10-02,143,25565.11,138.71,143.13,24808.11,24075.75,27853,4503621.45
2017-10-03,198,30389.12,141.29,145.57,25535.65,24057.03,28051,4534010.57
2017-10-04,157,24787.579999999998,142.71,145.8,25522.45,23925.97,28208,4558798.15
2017-10-05,140,29129.83,142.29,145.23,25879.67,24065.15,28348,4587927.98
2017-10-06,130,21890.58,143.57,144.9,24078.69,23834.1,28478,4609818.56
2017-10-07,105,17975.41,143.0,145.1,24521.01,23722.32,28583,4627793.97
2017-10-08,126,19756.3,142.71,145.43,24213.42,23887.9,28709,4647550.27
2017-10-09,193,35265.57,149.86,148.33,25599.2,24474.04,28902,4682815.84
2017-10-10,185,32559.07,148.0,149.97,25909.19,24860.06,29087,4715374.91
2017-10-11,158,26214.78,148.14,149.23,26113.08,24830.42,29245,4741589.69
2017-10-12,143,22520.93,148.57,147.13,25168.95,24488.29,29388,4764110.62
2017-10-13,154,26589.92,152.0,145.37,25840.28,24306.14,29542,4790700.54
2017-10-14,116,16185.46,153.57,143.7,25584.58,23962.24,29658,4806886.0
2017-10-15,121,21353.84,152.86,142.73,25812.8,23955.48,29779,4828239.84
2017-10-16,195,35315.42,153.14,144.93,25819.92,24331.31,29974,4863555.26
2017-10-17,202,35288.18,155.57,147.47,26209.79,24745.97,30176,4898843.44
2017-10-18,179,31793.670000000002,158.57,147.33,27006.77,24721.25,30355,4930637.11
2017-10-19,176,26988.8,163.29,148.07,27645.04,24838.26,30531,4957625.91
2017-10-20,124,21979.2,159.0,146.77,26986.37,24698.56,30655,4979605.11
2017-10-21,113,18022.3,158.57,145.53,27248.77,24550.7,30768,4997627.41
2017-10-22,158,23273.05,163.86,146.2,27522.95,24686.46,30926,5020900.46
2017-10-23,161,25993.41,159.0,148.63,26191.23,25133.74,31087,5046893.87
2017-10-24,164,25739.27,153.57,150.17,24827.1,25462.38,31251,5072633.14
2017-10-25,156,21470.53,150.29,150.83,23352.37,25471.3,31407,5094103.67
2017-10-26,144,26415.55,145.71,149.63,23270.47,25508.61,31551,5120519.22
2017-10-27,133,23488.17,147.0,149.17,23486.04,25462.21,31684,5144007.39
2017-10-28,88,20572.64,143.43,147.33,23850.37,25260.33,31772,5164580.03
2017-10-29,132,20444.68,139.71,147.7,23446.32,24791.9,31904,5185024.71
2017-10-30,149,23741.86,138.0,149.03,23124.67,25087.32,32053,5208766.57
2017-10-31,160,27058.22,137.43,150.1,23313.09,25258.95,32213,5235824.79
2017-11-01,111,22702.16,131.0,149.03,23489.04,25163.52,32324,5258526.95
2017-11-02,124,25017.16,128.14,146.57,23289.27,24984.45,32448,5283544.11
2017-11-03,143,27058.52,129.57,146.1,23799.32,25060.15,32591,5310602.63
2017-11-04,111,22294.81,132.86,145.13,24045.34,24832.32,32702,5332897.44
2017-11-05,144,21752.57,134.57,145.6,24232.19,24827.72,32846,5354650.01
2017-11-06,193,33945.14,140.86,148.53,25689.8,25360.04,33039,5388595.15
2017-11-07,160,24945.21,140.86,149.67,25387.94,25533.0,33199,5413540.36
2017-11-08,175,23436.7,150.0,149.07,25492.87,25138.71,33374,5436977.06
2017-11-09,191,29175.83,159.57,149.27,26086.97,25025.93,33565,5466152.89
2017-11-10,165,23676.7,162.71,149.5,25603.85,24941.33,33730,5489829.59
2017-11-11,159,27578.63,169.57,150.03,26358.68,25109.92,33889,5517408.22
2017-11-12,174,26725.08,173.86,150.7,27069.04,25114.43,34063,5544133.3
2017-11-13,205,29606.24,175.57,153.67,26449.2,25561.78,34268,5573739.54
2017-11-14,192,32012.6,180.14,156.03,27458.83,25917.08,34460,5605752.14
2017-11-15,186,27683.35,181.71,155.73,28065.49,25662.67,34646,5633435.49
2017-11-16,226,33063.27,186.71,156.53,28620.84,25588.51,34872,5666498.76
2017-11-17,197,35386.84,191.29,157.13,30293.72,25708.28,35069,5701885.6
2017-11-18,149,27968.57,189.86,156.23,30349.42,25740.94,35218,5729854.17
2017-11-19,158,23312.6,187.57,157.37,29861.92,25785.39,35376,5753166.77
2017-11-20,230,50621.24,191.14,161.27,32864.07,26872.02,35606,5803788.01
2017-11-21,228,39831.85,196.29,163.6,33981.1,27423.98,35834,5843619.86
2017-11-22,201,30721.62,198.43,164.93,34415.14,27581.59,36035,5874341.48
2017-11-23,283,52584.62,206.57,168.9,37203.91,28476.43,36318,5926926.1
2017-11-24,1176,179200.03,346.43,202.9,57748.65,33734.08,37494,6106126.13
2017-11-25,499,71897.01,396.43,214.73,64024.14,35250.13,37993,6178023.14
2017-11-26,391,53939.87,429.71,223.33,68399.46,36265.19,38384,6231963.01
2017-11-27,403,56966.28,454.43,233.83,69305.9,37478.31,38787,6288929.29
2017-11-28,380,56708.409999999996,476.14,242.1,71716.83,38687.1,39167,6345637.7
2017-11-29,323,48043.16,493.57,247.9,74191.34,39497.14,39490,6393680.86
2017-11-30,267,37026.73,491.29,251.47,71968.78,39829.43,39757,6430707.59
2017-12-01,275,46080.840000000004,362.57,256.93,52951.76,40608.72,40032,6476788.43
2017-12-02,216,35908.51,322.14,260.0,47810.54,40971.76,40248,6512696.94
2017-12-03,234,34803.19,299.71,263.03,45076.73,41229.92,40482,6547500.13
2017-12-04,337,56225.41,290.29,270.57,44970.89,42360.94,40819,6603725.54
2017-12-05,282,40707.77,276.29,275.17,42685.09,42992.78,41101,6644433.31
2017-12-06,280,46149.63,270.14,278.07,42414.58,43399.59,41381,6690582.94
2017-12-07,229,33664.2,264.71,280.37,41934.22,43690.23,41610,6724247.14
2017-12-08,219,35160.82,256.71,281.83,40374.22,44081.03,41829,6759407.96
2017-12-09,155,23639.52,248.0,280.63,38621.51,43896.49,41984,6783047.48
2017-12-10,190,29784.26,241.71,281.47,37904.52,44100.07,42174,6812831.74
2017-12-11,267,39415.43,231.71,285.07,35503.09,44494.63,42441,6852247.17
2017-12-12,260,40370.39,228.57,287.93,35454.89,44949.48,42701,6892617.56
2017-12-13,218,34385.08,219.71,288.37,33774.24,45108.77,42919,6927002.64
2017-12-14,200,30754.31,215.57,288.63,33358.54,45066.83,43119,6957756.95
2017-12-15,192,31451.63,211.71,288.83,32828.66,45192.44,43311,6989208.58
2017-12-16,131,22907.05,208.29,285.67,32724.02,44853.9,43442,7012115.63
2017-12-17,133,22106.0,200.14,283.53,31627.13,44411.2,43575,7034221.63
2017-12-18,209,33898.13,191.86,285.53,30838.94,44608.85,43784,7068119.76
2017-12-19,176,24494.28,179.86,286.13,28570.93,44648.24,43960,7092614.04
2017-12-20,171,32004.68,173.14,284.17,28230.87,44027.69,44131,7124618.72
2017-12-21,143,21546.44,165.0,281.33,26915.46,43418.18,44274,7146165.16
2017-12-22,111,18073.47,153.43,278.33,25004.29,42996.57,44385,7164238.63
2017-12-23,109,16425.64,150.29,272.53,24078.38,41791.27,44494,7180664.27
2017-12-24,59,6960.79,139.71,235.3,21914.78,36049.96,44553,7187625.06
2017-12-25,90,12662.23,122.71,221.67,18881.08,34075.47,44643,7200287.29
2017-12-26,168,23797.46,121.57,214.23,18781.53,33070.72,44811,7224084.75
2017-12-27,167,21074.29,121.0,206.37,17220.05,31874.32,44978,7245159.04
2017-12-28,146,17793.85,121.43,198.57,16683.96,30577.17,45124,7262952.89
2017-12-29,135,20552.64,124.86,192.3,17038.13,29660.82,45259,7283505.53
2017-12-30,97,15412.61,123.14,186.63,16893.41,28940.35,45356,7298918.14
2017-12-31,74,10190.93,125.29,179.93,17354.86,27744.02,45430,7309109.07
2018-01-01,74,8486.29,123.0,175.2,16758.3,26829.95,45504,7317595.36
2018-01-02,204,29494.74,128.14,174.2,17572.19,26653.0,45708,7347090.1
2018-01-03,225,37154.62,136.43,170.47,19869.38,26017.31,45933,7384244.72
2018-01-04,258,40998.15,152.43,169.67,23184.28,26026.99,46191,7425242.87
2018-01-05,210,32341.95,163.14,167.33,24868.47,25566.73,46401,7457584.82
2018-01-06,216,32711.84,180.14,166.9,27339.79,25534.98,46617,7490296.66
2018-01-07,196,33993.48,197.57,166.13,30740.15,25496.07,46813,7524290.14
2018-01-08,293,45310.6,228.86,170.73,36000.77,26218.44,47106,7569600.74
2018-01-09,252,35440.0,235.71,172.8,36850.09,26406.97,47358,7605040.74
2018-01-10,277,44824.93,243.14,173.13,37945.85,26587.28,47635,7649865.67
2018-01-11,266,46746.38,244.29,173.33,38767.03,26799.82,47901,7696612.05
2018-01-12,243,37270.23,249.0,174.17,39471.07,26895.99,48144,7733882.28
2018-01-13,219,33222.38,249.43,174.8,39544.0,26978.26,48363,7767104.66
2018-01-14,235,35993.46,255.0,176.23,39829.71,27129.65,48598,7803098.12
2018-01-15,307,45208.29,257.0,182.1,39815.1,27873.03,48905,7848306.41
2018-01-16,302,51339.38,264.14,187.73,42086.44,28847.47,49207,7899645.79
2018-01-17,282,42151.92,264.86,190.17,41704.58,29122.6,49489,7941797.71
2018-01-18,241,33038.69,261.29,192.33,39746.34,29407.41,49730,7974836.4
2018-01-19,235,35649.63,260.14,194.47,39514.82,29528.91,49965,8010486.03
2018-01-20,184,26960.0,255.14,195.83,38620.2,29709.36,50149,8037446.03
2018-01-21,199,28447.420000000002,250.0,198.77,37542.19,30055.16,50348,8065893.45
2018-01-22,314,43867.89,251.0,205.6,37350.7,30969.9,50662,8109761.34
2018-01-23,262,40298.33,245.29,212.37,35773.41,32081.15,50924,8150059.67
2018-01-24,244,37025.23,239.86,217.5,35041.03,32893.25,51168,8187084.9
2018-01-25,233,35335.98,238.71,219.67,35369.21,33277.87,51401,8222420.88
2018-01-26,229,39308.94,237.86,221.73,35891.97,33885.69,51630,8261729.82
2018-01-27,153,25106.77,233.43,221.97,35627.22,34129.46,51783,8286836.59
2018-01-28,156,27804.9,227.29,222.67,35535.43,34371.2,51939,8314641.49
2018-01-29,246,36056.52,217.57,227.63,34419.52,35059.33,52185,8350698.01
2018-01-30,258,35523.61,217.0,233.77,33737.42,35903.75,52443,8386221.62
2018-01-31,256,37891.63,218.71,239.83,33861.19,36883.93,52699,8424113.25
2018-02-01,232,35767.92,218.57,240.77,33922.9,37093.04,52931,8459881.17
2018-02-02,212,32532.45,216.14,240.33,32954.83,36938.96,53143,8492413.62
2018-02-03,193,27572.170000000002,221.86,238.17,33307.03,36491.43,53336,8519985.79
2018-02-04,201,28261.91,228.29,237.87,33372.32,36355.43,53537,8548247.7
2018-02-05,271,43196.97,231.86,239.7,34392.38,36704.93,53808,8591444.67
2018-02-06,268,40066.42,233.29,242.1,35041.35,36907.36,54076,8631511.09
2018-02-07,248,36529.71,232.14,240.6,34846.79,36614.67,54324,8668040.8
2018-02-08,230,31911.010000000002,231.86,239.87,34295.81,36497.04,54554,8699951.81
2018-02-09,216,35374.19,232.43,237.83,34701.77,36182.01,54770,8735326.0
2018-02-10,179,25265.32,230.43,234.93,34372.22,35465.98,54949,8760591.32
2018-02-11,172,26129.46,226.29,232.57,34067.58,35094.62,55121,8786720.78
2018-02-12,218,27990.55,218.71,232.53,31895.24,34920.22,55339,8814711.33
2018-02-13,224,29024.17,212.43,232.17,30317.77,34687.91,55563,8843735.5
2018-02-14,295,43643.36,219.14,231.77,31334.01,34635.75,55858,8887378.86
2018-02-15,283,39224.75,226.71,231.13,32378.83,34231.93,56141,8926603.61
2018-02-16,214,31867.47,226.43,228.87,31877.87,33889.11,56355,8958471.08
2018-02-17,204,29611.55,230.0,227.63,32498.76,33774.87,56559,8988082.63
2018-02-18,202,29071.93,234.29,226.53,32919.11,33555.62,56761,9017154.56
2018-02-19,259,33735.96,240.14,229.03,33739.88,33781.48,57020,9050890.52
2018-02-20,289,42706.69,249.43,232.03,35694.53,34256.79,57309,9093597.21
2018-02-21,266,38017.26,245.29,230.43,34890.8,34061.77,57575,9131614.47
2018-02-22,279,38784.23,244.71,231.0,34827.87,34011.3,57854,9170398.7
2018-02-23,235,33072.96,247.71,230.7,35000.08,33879.56,58089,9203471.66
2018-02-24,191,28341.36,245.86,229.3,34818.63,33646.4,58280,9231813.02
2018-02-25,237,34930.88,250.86,229.57,35655.62,33500.47,58517,9266743.9
2018-02-26,299,50433.96,256.57,234.43,38041.05,34344.71,58816,9317177.86
2018-02-27,298,47076.99,257.86,239.17,38665.38,34987.11,59114,9364254.85
2018-02-28,313,52321.74,264.57,241.4,40708.87,35529.29,59427,9416576.59
2018-03-01,277,46747.4,264.29,242.03,41846.47,35903.41,59704,9463323.99
2018-03-02,266,37550.31,268.71,242.37,42486.09,35892.04,59970,9500874.3
2018-03-03,214,31781.79,272.0,241.77,42977.58,35759.16,60184,9532656.09
2018-03-04,236,37479.8,271.86,242.57,43341.71,35924.08,60420,9570135.89
2018-03-05,264,45635.61,266.86,244.93,42656.23,36526.19,60684,9615771.5
2018-03-06,271,45971.24,263.0,247.27,42498.27,37116.5,60955,9661742.74
2018-03-07,259,42513.19,255.29,246.87,41097.05,37093.71,61214,9704255.93
2018-03-08,234,33842.12,249.14,245.73,39253.44,36886.23,61448,9738098.05
2018-03-09,204,33823.07,240.29,244.27,38720.97,36796.01,61652,9771921.12
2018-03-10,193,31105.0,237.29,243.03,38624.29,36769.14,61845,9803026.12
2018-03-11,218,36618.35,234.71,243.1,38501.23,36810.62,62063,9839644.47
2018-03-12,232,35930.89,230.14,244.87,37114.84,37166.13,62295,9875575.36
2018-03-13,227,42179.58,223.86,246.7,36573.17,37701.14,62522,9917754.94
2018-03-14,199,28417.25,215.29,246.07,34559.47,37715.36,62721,9946172.19
2018-03-15,290,51935.36,223.29,248.27,37144.21,38479.07,63011,9998107.55
2018-03-16,252,38760.36,230.14,246.83,37849.54,38316.3,63263,10036867.91
2018-03-17,180,24000.21,228.29,243.4,36834.57,37808.82,63443,10060868.12
2018-03-18,215,36076.38,227.86,243.43,36757.15,37949.11,63658,10096944.5
2018-03-19,303,52707.31,238.0,246.73,39153.78,38718.97,63961,10149651.81
2018-03-20,297,42887.93,248.0,249.9,39254.97,39179.51,64258,10192539.74
2018-03-21,286,46482.09,260.43,250.8,41835.66,39604.38,64544,10239021.83
2018-03-22,254,36989.79,255.29,249.63,39700.58,39413.81,64798,10276011.62
2018-03-23,221,34817.72,250.86,248.13,39137.35,39307.16,65019,10310829.34
2018-03-24,165,27711.420000000002,248.71,244.33,39667.52,38938.07,65184,10338540.76
2018-03-25,190,30192.8,245.14,242.83,38827.01,38842.06,65374,10368733.56
2018-03-26,272,42745.23,240.71,245.53,37403.85,39322.19,65646,10411478.79
2018-03-27,245,40633.58,233.29,245.8,37081.8,39512.28,65891,10452112.37
2018-03-28,220,35150.72,223.86,243.17,35463.04,39002.84,66111,10487263.09
2018-03-29,194,33564.47,215.29,239.7,34973.71,38552.42,66305,10520827.56
2018-03-30,165,26279.75,207.29,234.77,33754.0,37684.36,66470,10547107.31
2018-03-31,168,29121.4,207.71,231.13,33955.42,37096.82,66638,10576228.71
2018-04-01,207,34189.0,210.14,229.17,34526.31,36984.78,66845,10610417.71
2018-04-02,282,48076.45,211.57,231.43,35287.91,37527.94,67127,10658494.16
2018-04-03,247,42187.32,211.86,231.8,35509.87,37684.85,67374,10700681.48
2018-04-04,257,43567.82,217.14,231.57,36712.32,37615.93,67631,10744249.3
2018-04-05,266,42219.17,227.43,231.4,37948.7,37490.86,67897,10786468.47
2018-04-06,189,32285.36,230.86,229.07,38806.65,37149.93,68086,10818753.83
2018-04-07,164,29014.86,230.29,226.73,38791.43,36989.02,68250,10847768.69
2018-04-08,185,27883.61,227.14,226.1,37890.66,36791.04,68435,10875652.3
2018-04-09,253,55782.82,223.0,228.1,38991.57,37613.63,68688,10931435.12
2018-04-10,201,32535.28,216.43,227.53,37612.7,37477.53,68889,10963970.4
2018-04-11,274,47204.47,218.86,228.93,38132.22,37853.32,69163,11011174.87
2018-04-12,255,39945.38,217.29,229.87,37807.4,37778.84,69418,11051120.25
2018-04-13,202,36440.53,219.14,229.97,38400.99,38046.29,69620,11087560.78
2018-04-14,146,22397.87,216.57,225.17,37455.71,37061.7,69766,11109958.65
2018-04-15,223,36564.19,222.0,224.2,38695.79,36988.5,69989,11146522.84
2018-04-16,280,47364.65,225.86,227.53,37493.2,37767.31,70269,11193887.49
2018-04-17,266,42814.25,235.14,229.23,38961.62,37991.91,70535,11236701.74
2018-04-18,280,46308.65,236.0,228.47,38833.65,37778.62,70815,11283010.39
2018-04-19,293,50326.53,241.43,228.33,40316.67,38026.57,71108,11333336.92
2018-04-20,197,32841.64,240.71,225.37,39802.54,37571.89,71305,11366178.56
2018-04-21,156,22465.89,242.14,222.1,39812.26,37087.76,71461,11388644.45
2018-04-22,200,31991.79,238.86,221.4,39159.06,36993.56,71661,11420636.24
2018-04-23,285,44363.29,239.57,225.4,38730.29,37548.63,71946,11464999.53
2018-04-24,271,49905.02,240.29,228.1,39743.26,38205.7,72217,11514904.55
2018-04-25,284,47356.49,240.86,228.5,39892.95,38359.41,72501,11562261.04
2018-04-26,254,36912.77,235.29,228.8,37976.7,38235.38,72755,11599173.81
2018-04-27,242,46764.3,241.71,229.53,39965.65,38622.5,72997,11645938.11
2018-04-28,169,26978.52,243.57,228.7,40610.31,38402.97,73166,11672916.63
2018-04-29,171,23060.95,239.43,228.9,39334.48,38295.68,73337,11695977.58
2018-04-30,240,41036.61,233.0,231.3,38859.24,38692.85,73577,11737014.19
2018-05-01,256,39274.26,230.86,232.93,37340.56,38862.36,73833,11776288.45
2018-05-02,296,44908.63,232.57,233.4,36990.86,38756.76,74129,11821197.08
2018-05-03,305,50218.85,239.86,235.33,38891.73,39024.48,74434,11871415.93
2018-05-04,265,45494.1,243.14,235.6,38710.27,39088.69,74699,11916910.03
2018-05-05,197,32640.67,247.14,233.3,39519.15,38769.41,74896,11949550.7
2018-05-06,211,33099.31,252.86,234.03,40953.2,38796.54,75107,11982650.01
2018-05-07,372,62568.25,271.71,240.97,44029.15,39914.99,75479,12045218.26
2018-05-08,331,55129.38,282.43,245.83,46294.17,40823.18,75810,12100347.64
2018-05-09,344,51096.82,289.29,248.87,47178.2,40666.98,76154,12151444.46
2018-05-10,279,58871.87,285.57,251.47,48414.34,41544.86,76433,12210316.33
2018-05-11,247,43346.5,283.0,250.57,48107.54,41416.27,76680,12253662.83
2018-05-12,207,34883.12,284.43,248.97,48427.89,41247.52,76887,12288545.95
2018-05-13,207,36320.07,283.86,249.13,48888.0,41243.51,77094,12324866.02
2018-05-14,364,62230.729999999996,282.71,256.4,48839.78,42571.27,77458,12387096.75
2018-05-15,352,49505.99,285.71,260.7,48036.44,43002.66,77810,12436602.74
2018-05-16,357,64742.06,287.57,263.27,49985.76,43581.91,78167,12501344.8
2018-05-17,228,36258.36,280.29,262.0,46755.26,43363.38,78395,12537603.16
2018-05-18,236,36429.77,278.71,260.53,45767.16,43034.08,78631,12574032.93
2018-05-19,139,28319.73,269.0,255.4,44829.53,42300.52,78770,12602352.66
2018-05-20,161,23086.12,262.43,254.2,42938.97,41975.34,78931,12625438.78
2018-05-21,206,30619.940000000002,239.86,255.87,38423.14,42247.14,79137,12656058.72
2018-05-22,199,32070.66,218.0,255.83,35932.38,42249.77,79336,12688129.38
2018-05-23,132,20262.3,185.86,250.73,29578.13,41446.4,79468,12708391.68
2018-05-24,114,22278.7,169.57,245.5,27581.03,40525.53,79582,12730670.38
2018-05-25,104,18286.32,150.71,239.5,24989.11,39556.52,79686,12748956.7
2018-05-26,99,16914.09,145.0,234.33,23359.73,38889.9,79785,12765870.79
2018-05-27,100,14693.68,136.29,229.6,22160.81,37820.88,79885,12780564.47
2018-05-28,143,30304.95,127.29,228.73,22115.81,37931.76,80028,12810869.42
2018-05-29,149,29441.33,120.14,228.0,21740.2,38144.44,80177,12840310.75
2018-05-30,140,22529.07,121.29,224.67,22064.02,37527.52,80317,12862839.82
2018-05-31,133,28156.52,124.0,220.57,22903.71,37156.93,80450,12890996.34
2018-06-01,184,37284.05,135.43,216.83,25617.67,36902.78,80634,12928280.39
2018-06-02,142,28939.99,141.57,211.4,27335.66,36193.48,80776,12957220.38
2018-06-03,192,33024.44,154.71,208.97,29954.34,35777.83,80968,12990244.82
2018-06-04,225,34326.4,166.43,209.9,30528.83,35834.02,81193,13024571.22
2018-06-05,200,36471.22,173.71,209.53,31533.1,35946.41,81393,13061042.44
2018-06-06,227,32176.98,186.14,204.7,32911.37,34933.37,81620,13093219.42
2018-06-07,223,42676.38,199.0,201.1,34985.64,34518.27,81843,13135895.8
2018-06-08,198,31797.2,201.0,196.23,34201.8,33874.95,82041,13167693.0
2018-06-09,172,34033.78,205.29,192.67,34929.49,33047.02,82213,13201726.78
2018-06-10,193,30295.41,205.43,190.87,34539.62,32611.98,82406,13232022.19
2018-06-11,294,57345.56,215.29,193.77,37828.08,33360.73,82700,13289367.75
2018-06-12,246,46762.43,221.86,195.07,39298.25,33708.81,82946,13336130.18
2018-06-13,259,41586.61,226.43,191.57,40642.48,33020.67,83205,13377716.79
2018-06-14,212,32707.21,224.86,186.9,39218.31,32460.71,83417,13410424.0
2018-06-15,186,31498.76,223.14,181.2,39175.68,31352.6,83603,13441922.76
2018-06-16,165,29000.08,222.14,179.1,38456.58,31110.66,83768,13470922.84
2018-06-17,152,20751.52,216.29,176.3,37093.17,30588.05,83920,13491674.36
2018-06-18,246,41027.07,209.43,179.87,34761.95,31011.63,84166,13532701.43
2018-06-19,231,40013.6,207.29,182.2,33797.84,31575.88,84397,13572715.03
2018-06-20,217,34330.26,201.29,182.57,32761.21,31699.55,84614,13607045.29
2018-06-21,234,33301.99,204.43,183.73,32846.18,31740.6,84848,13640347.28
2018-06-22,179,28753.149999999998,203.43,185.3,32453.95,32023.62,85027,13669100.43
2018-06-23,151,21181.11,201.43,186.53,31336.96,31987.04,85178,13690281.54
2018-06-24,199,29498.57,208.14,189.7,32586.54,32360.78,85377,13719780.11
2018-06-25,241,42008.02,207.43,194.43,32726.67,33197.24,85618,13761788.13
2018-06-26,243,37673.67,209.14,199.2,32392.4,33963.24,85861,13799461.8
2018-06-27,215,32920.9,208.86,201.6,32191.06,34050.44,86076,13832382.7
2018-06-28,243,38773.74,210.14,204.73,32972.74,34361.52,86319,13871156.44
2018-06-29,174,25098.69,209.43,205.87,32450.67,34447.18,86493,13896255.13
2018-06-30,124,18621.71,205.57,205.57,32085.04,34129.35,86617,13914876.84
2018-07-01,161,29060.7,200.14,204.8,32022.49,33855.24,86778,13943937.54
2018-07-02,195,29422.43,193.57,206.57,30224.55,33871.32,86973,13973359.97
2018-07-03,216,31454.6,189.71,207.37,29336.11,33818.99,87189,14004814.57
2018-07-04,256,41579.8,195.57,208.4,30573.1,34060.77,87445,14046394.37
2018-07-05,195,33949.5,188.71,208.23,29883.92,33976.71,87640,14080343.87
2018-07-06,121,22108.67,181.14,204.7,29456.77,33641.1,87761,14102452.54
2018-07-07,91,11277.24,176.43,200.3,28407.56,32594.47,87852,14113729.78
2018-07-08,122,17554.72,170.86,197.77,26763.85,32119.72,87974,14131284.5
2018-07-09,148,23122.17,164.14,196.97,25863.81,31756.0,88122,14154406.67
2018-07-10,134,22694.45,152.43,195.0,24612.36,31502.63,88256,14177101.12
2018-07-11,127,22148.64,134.0,189.43,21836.48,30329.4,88383,14199249.76
2018-07-12,124,35228.7,123.86,185.37,22019.23,29944.94,88507,14234478.46
2018-07-13,168,32635.239999999998,130.57,182.33,23523.02,29646.56,88675,14267113.7
2018-07-14,148,26427.02,138.71,180.2,25687.28,29437.22,88823,14293540.72
2018-07-15,152,34489.4,143.0,179.07,28106.52,29536.91,88975,14328030.12
2018-07-16,245,37854.659999999996,156.86,181.73,30211.16,29832.06,89220,14365884.78
2018-07-17,221,35758.42,169.29,184.03,32077.44,30332.29,89441,14401643.2
2018-07-18,307,51392.43,195.0,186.07,36255.12,30677.81,89748,14453035.63
2018-07-19,253,44911.25,213.43,186.8,37638.35,30841.06,90001,14497946.88
2018-07-20,250,38131.01,225.14,187.9,38423.46,30967.75,90251,14536077.89
2018-07-21,187,25508.97,230.71,186.33,38292.31,30707.99,90438,14561586.86
2018-07-22,215,32962.26,239.71,187.53,38074.14,30848.29,90653,14594549.12
2018-07-23,307,48104.33,248.57,192.73,39538.38,31745.73,90960,14642653.45
2018-07-24,271,48154.03,255.71,195.13,41309.18,32367.58,91231,14690807.48
2018-07-25,268,47917.71,250.14,196.03,40812.79,32564.57,91499,14738725.19
2018-07-26,247,41784.74,249.29,196.17,40366.15,32701.6,91746,14780509.93
2018-07-27,189,33331.12,240.57,195.3,39680.45,32715.28,91935,14813841.05
2018-07-28,176,30168.170000000002,239.0,193.07,40346.05,32428.43,92111,14844009.22
2018-07-29,188,36468.26,235.14,193.53,40846.91,32807.41,92299,14880477.48
2018-07-30,288,46288.01,232.43,199.0,40587.43,33729.62,92587,14926765.49
2018-07-31,322,54652.1,239.71,204.37,41515.73,34582.67,92909,14981417.59
2018-08-01,311,48850.81,245.86,208.23,41649.03,35230.28,93220,15030268.4
2018-08-02,302,45932.7,253.71,211.1,42241.6,35712.88,93522,15076201.1
2018-08-03,314,49517.59,271.57,213.03,44553.95,35977.48,93836,15125718.69
2018-08-04,245,41239.97,281.43,214.7,46135.63,36220.49,94081,15166958.66
2018-08-05,276,42272.07,294.0,219.87,46964.75,36892.61,94357,15209230.73
2018-08-06,372,65860.43,306.0,229.23,49760.81,38712.05,94729,15275091.16
2018-08-07,370,62057.770000000004,312.86,237.5,50818.76,40195.48,95099,15337148.93
2018-08-08,316,51463.76,313.57,243.1,51192.04,41140.2,95415,15388612.69
2018-08-09,289,47261.68,311.71,248.27,51381.9,41959.11,95704,15435874.37
2018-08-10,256,40690.26,303.43,252.57,50120.85,42577.16,95960,15476564.63
2018-08-11,188,31277.25,295.29,254.7,48697.6,42445.45,96148,15507841.88
2018-08-12,197,36739.75,284.0,255.67,47907.27,42582.26,96345,15544581.63
2018-08-13,292,48163.76,272.57,260.47,45379.18,43306.82,96637,15592745.39
2018-08-14,316,51574.67,264.86,265.93,43881.59,43876.33,96953,15644320.06
2018-08-15,288,53322.7,260.86,267.37,44147.15,44391.93,97241,15697642.76
2018-08-16,320,42581.08,265.29,270.67,43478.5,44619.35,97561,15740223.84
2018-08-17,257,40872.77,265.43,269.0,43504.57,44268.7,97818,15781096.61
2018-08-18,198,29695.07,266.86,267.17,43278.54,43761.49,98016,15810791.68
2018-08-19,204,29989.35,267.86,265.63,42314.2,43490.1,98220,15840781.03
2018-08-20,256,40352.47,262.71,267.93,41198.3,43984.89,98476,15881133.5
2018-08-21,243,31479.9,252.29,268.87,38327.62,43935.48,98719,15912613.4
2018-08-22,187,24401.84,237.86,264.87,34196.07,43145.39,98906,15937015.24
2018-08-23,144,19737.72,212.71,260.63,30932.73,42198.18,99050,15956752.96
2018-08-24,99,11450.76,190.14,255.0,26729.59,40982.62,99149,15968203.72
2018-08-25,69,11737.76,171.71,249.07,24164.26,39981.05,99218,15979941.48
2018-08-26,73,9304.0,153.0,245.2,21209.21,39180.15,99291,15989245.48
2018-08-27,67,6229.95,126.0,241.57,16334.56,38382.21,99358,15995475.43
2018-08-28,44,5216.72,97.57,236.77,12582.68,37340.49,99402,16000692.15
2018-08-29,14,2381.83,72.86,227.63,9436.96,35876.95,99416,16003073.98
2018-08-30,4,705.04,52.86,217.03,6718.01,34078.71,99420,16003779.02
2018-08-31,1,63.89,38.86,206.7,5091.31,32452.48,99421,16003842.91
2018-09-01,0,0.0,29.0,196.63,3414.49,30921.39,99421,16003842.91
2018-09-02,0,0.0,18.57,186.17,2085.35,29270.81,99421,16003842.91
2018-09-03,4,458.64,9.57,178.13,1260.87,27911.43,99425,16004301.55
2018-09-04,0,0.0,3.29,168.93,515.63,26502.36,99425,16004301.55
2018-09-05,0,0.0,1.29,156.53,175.37,24307.01,99425,16004301.55
2018-09-06,3,2443.2000000000003,1.14,144.3,423.68,22319.86,99428,16006744.75
2018-09-07,0,0.0,1.0,133.77,414.55,20604.4,99428,16006744.75
2018-09-08,0,0.0,1.0,124.13,414.55,19029.01,99428,16006744.75
2018-09-09,0,0.0,1.0,115.6,414.55,17672.67,99428,16006744.75
2018-09-10,1,51.17,0.57,109.37,356.34,16631.8,99429,16006795.92
2018-09-11,1,258.67,0.71,102.83,393.29,15415.77,99430,16007054.59
2018-09-12,1,84.58,0.86,93.13,405.37,13813.13,99431,16007139.17
2018-09-13,1,414.04,0.57,82.63,115.49,12107.77,99432,16007553.21
2018-09-14,0,0.0,0.57,73.03,115.49,10330.35,99432,16007553.21
2018-09-15,0,0.0,0.57,62.37,115.49,8910.98,99432,16007553.21
2018-09-16,0,0.0,0.57,53.8,115.49,7548.55,99432,16007553.21
2018-09-17,1,84.58,0.57,47.23,120.27,6561.54,99433,16007637.79
2018-09-18,0,0.0,0.43,40.43,83.31,5561.89,99433,16007637.79
2018-09-19,0,0.0,0.29,31.9,71.23,4216.81,99433,16007637.79
2018-09-20,1,191.46,0.29,23.83,39.43,3173.86,99434,16007829.25
2018-09-21,0,0.0,0.29,17.6,39.43,2360.47,99434,16007829.25
2018-09-22,0,0.0,0.29,12.8,39.43,1702.54,99434,16007829.25
2018-09-23,0,0.0,0.29,9.5,39.43,1320.85,99434,16007829.25
2018-09-24,0,0.0,0.14,7.2,27.35,929.59,99434,16007829.25
2018-09-25,1,221.54,0.29,4.8,59.0,626.84,99435,16008050.79
2018-09-26,1,94.63,0.43,2.6,72.52,422.33,99436,16008145.42
2018-09-27,0,0.0,0.29,1.13,45.17,248.44,99436,16008145.42
2018-09-28,0,0.0,0.29,0.67,45.17,169.05,99436,16008145.42
2018-09-29,1,137.03,0.43,0.57,64.74,150.11,99437,16008282.45
2018-09-30,0,0.0,0.43,0.53,64.74,147.98,99437,16008282.45
2018-10-01,1,80.38,0.57,0.57,76.23,150.66,99438,16008362.83
2018-10-02,0,0.0,0.43,0.57,44.58,150.66,99438,16008362.83
2018-10-03,1,197.55,0.43,0.47,59.28,141.96,99439,16008560.38
2018-10-04,0,0.0,0.43,0.47,59.28,141.96,99439,16008560.38
2018-10-05,0,0.0,0.43,0.47,59.28,141.96,99439,16008560.38
2018-10-06,0,0.0,0.29,0.37,39.7,60.52,99439,16008560.38
2018-10-07,0,0.0,0.29,0.37,39.7,60.52,99439,16008560.38
2018-10-08,0,0.0,0.14,0.37,28.22,60.52,99439,16008560.38
2018-10-09,0,0.0,0.14,0.37,28.22,60.52,99439,16008560.38
2018-10-10,0,0.0,0.0,0.33,0.0,58.82,99439,16008560.38
2018-10-11,0,0.0,0.0,0.3,0.0,50.19,99439,16008560.38
2018-10-12,0,0.0,0.0,0.27,0.0,47.37,99439,16008560.38
2018-10-13,0,0.0,0.0,0.23,0.0,33.57,99439,16008560.38
2018-10-14,0,0.0,0.0,0.23,0.0,33.57,99439,16008560.38
2018-10-15,0,0.0,0.0,0.23,0.0,33.57,99439,16008560.38
2018-10-16,1,222.03,0.14,0.27,31.72,40.97,99440,16008782.41
2018-10-17,1,89.71,0.29,0.27,44.53,41.14,99441,16008872.12
