order_date,order_month,total_orders,total_customers,daily_revenue,delivered_revenue,avg_order_value,updated_at
2018-09-03,2018-09,1,1,166.46,0.0,166.46,2026-09-04 08:29:42
2018-08-29,2018-08,11,11,1762.7,1762.7,160.25,2026-09-04 08:29:42
2018-08-28,2018-08,39,39,4121.23,4121.23,105.67,2026-09-04 08:29:42
2018-08-27,2018-08,66,66,6111.6,6111.6,92.6,2026-09-04 08:29:42
2018-08-26,2018-08,73,73,9304.0,9304.0,127.45,2026-09-04 08:29:42
2018-08-25,2018-08,69,69,11737.76,11737.76,170.11,2026-09-04 08:29:42
2018-08-24,2018-08,97,97,11252.09,11085.63,116.0,2026-09-04 08:29:42
2018-08-23,2018-08,142,142,19522.58,19522.58,137.48,2026-09-04 08:29:42
2018-08-22,2018-08,186,186,24262.62,24203.63,130.44,2026-09-04 08:29:42
2018-08-21,2018-08,240,240,31099.42,30773.18,129.58,2026-09-04 08:29:42
2018-08-20,2018-08,252,252,39830.07,39054.09,158.06,2026-09-04 08:29:42
2018-08-19,2018-08,204,204,29989.35,29989.35,147.01,2026-09-04 08:29:42
2018-08-18,2018-08,196,196,28698.1,28475.76,146.42,2026-09-04 08:29:42
2018-08-17,2018-08,254,254,37584.04,36948.84,147.97,2026-09-04 08:29:42
2018-08-16,2018-08,316,316,41699.15,41699.15,131.96,2026-09-04 08:29:42
2018-08-15,2018-08,283,283,52134.86,52083.74,184.22,2026-09-04 08:29:42
2018-08-14,2018-08,312,312,51280.38,51138.46,164.36,2026-09-04 08:29:42
2018-08-13,2018-08,287,287,45811.26,45431.38,159.62,2026-09-04 08:29:42
2018-08-12,2018-08,197,197,36739.75,34260.37,186.5,2026-09-04 08:29:42
2018-08-11,2018-08,188,188,31277.25,30511.58,166.37,2026-09-04 08:29:42
2018-08-10,2018-08,253,253,39513.51,38934.43,156.18,2026-09-04 08:29:42
2018-08-09,2018-08,283,283,46685.51,46246.05,164.97,2026-09-04 08:29:42
2018-08-08,2018-08,314,314,50832.62,50376.96,161.89,2026-09-04 08:29:42
2018-08-07,2018-08,361,361,57325.15,55643.03,158.8,2026-09-04 08:29:42
2018-08-06,2018-08,368,368,63129.9,62728.23,171.55,2026-09-04 08:29:42
2018-08-05,2018-08,274,274,42079.35,41282.34,153.57,2026-09-04 08:29:42
2018-08-04,2018-08,242,242,41075.44,40250.11,169.73,2026-09-04 08:29:42
2018-08-03,2018-08,312,312,49209.13,48819.75,157.72,2026-09-04 08:29:42
2018-08-02,2018-08,300,300,45733.29,44852.24,152.44,2026-09-04 08:29:42
2018-08-01,2018-08,309,309,48702.04,48066.11,157.61,2026-09-04 08:29:42
2018-07-31,2018-07,318,318,54320.11,52768.27,170.82,2026-09-04 08:29:42
2018-07-30,2018-07,284,284,44934.72,44165.92,158.22,2026-09-04 08:29:42
2018-07-29,2018-07,184,184,34476.09,34233.31,187.37,2026-09-04 08:29:42
2018-07-28,2018-07,176,176,30168.17,29350.49,171.41,2026-09-04 08:29:42
2018-07-27,2018-07,189,189,33331.12,33017.33,176.36,2026-09-04 08:29:42
2018-07-26,2018-07,245,245,41323.11,41183.98,168.67,2026-09-04 08:29:42
2018-07-25,2018-07,267,267,47830.81,47599.78,179.14,2026-09-04 08:29:42
2018-07-24,2018-07,271,271,48154.03,46345.99,177.69,2026-09-04 08:29:42
2018-07-23,2018-07,306,306,48019.53,47195.4,156.93,2026-09-04 08:29:42
2018-07-22,2018-07,214,214,31012.06,30939.74,144.92,2026-09-04 08:29:42
2018-07-21,2018-07,185,185,25194.23,25130.58,136.19,2026-09-04 08:29:42
2018-07-20,2018-07,248,248,37974.78,37905.62,153.12,2026-09-04 08:29:42
2018-07-19,2018-07,253,253,44911.25,44557.39,177.51,2026-09-04 08:29:42
2018-07-18,2018-07,306,306,51218.85,48588.05,167.38,2026-09-04 08:29:42
2018-07-17,2018-07,219,219,35030.38,34775.6,159.96,2026-09-04 08:29:42
2018-07-16,2018-07,243,243,37548.12,36329.5,154.52,2026-09-04 08:29:42
2018-07-15,2018-07,151,151,34432.93,33876.6,228.03,2026-09-04 08:29:42
2018-07-14,2018-07,146,146,26194.27,25593.41,179.41,2026-09-04 08:29:42
2018-07-13,2018-07,168,168,32635.24,32529.39,194.26,2026-09-04 08:29:42
2018-07-12,2018-07,121,121,25609.82,22767.58,211.65,2026-09-04 08:29:42
2018-07-11,2018-07,126,126,22036.66,21286.74,174.89,2026-09-04 08:29:42
2018-07-10,2018-07,134,134,22694.45,21572.53,169.36,2026-09-04 08:29:42
2018-07-09,2018-07,148,148,23122.17,22894.0,156.23,2026-09-04 08:29:42
2018-07-08,2018-07,120,120,17294.26,17107.22,144.12,2026-09-04 08:29:42
2018-07-07,2018-07,91,91,11277.24,10942.08,123.93,2026-09-04 08:29:42
2018-07-06,2018-07,121,121,22108.67,21828.25,182.72,2026-09-04 08:29:42
2018-07-05,2018-07,194,194,33715.63,33574.05,173.79,2026-09-04 08:29:42
2018-07-04,2018-07,254,254,41318.53,41009.49,162.67,2026-09-04 08:29:42
2018-07-03,2018-07,215,215,31361.38,31209.77,145.87,2026-09-04 08:29:42
2018-07-02,2018-07,193,193,29113.41,29113.41,150.85,2026-09-04 08:29:42
2018-07-01,2018-07,161,161,29060.7,28512.39,180.5,2026-09-04 08:29:42
2018-06-30,2018-06,124,124,18621.71,18502.51,150.18,2026-09-04 08:29:42
2018-06-29,2018-06,173,173,25048.66,24857.31,144.79,2026-09-04 08:29:42
2018-06-28,2018-06,242,242,38740.94,37182.97,160.09,2026-09-04 08:29:42
2018-06-27,2018-06,215,215,32920.9,32505.93,153.12,2026-09-04 08:29:42
2018-06-26,2018-06,241,241,37302.01,36999.52,154.78,2026-09-04 08:29:42
2018-06-25,2018-06,240,240,41871.4,41024.31,174.46,2026-09-04 08:29:42
2018-06-24,2018-06,198,198,29291.59,29291.59,147.94,2026-09-04 08:29:42
2018-06-23,2018-06,150,150,21101.59,21043.65,140.68,2026-09-04 08:29:42
2018-06-22,2018-06,179,179,28753.15,28484.57,160.63,2026-09-04 08:29:42
2018-06-21,2018-06,234,234,33301.99,33152.97,142.32,2026-09-04 08:29:42
2018-06-20,2018-06,216,216,34251.5,34251.5,158.57,2026-09-04 08:29:42
2018-06-19,2018-06,229,229,39826.33,39427.64,173.91,2026-09-04 08:29:42
2018-06-18,2018-06,245,245,40737.48,39773.01,166.28,2026-09-04 08:29:42
2018-06-17,2018-06,152,152,20751.52,20657.67,136.52,2026-09-04 08:29:42
2018-06-16,2018-06,165,165,29000.08,28607.93,175.76,2026-09-04 08:29:42
2018-06-15,2018-06,185,185,31285.71,31134.14,169.11,2026-09-04 08:29:42
2018-06-14,2018-06,212,212,32707.21,32553.16,154.28,2026-09-04 08:29:42
2018-06-13,2018-06,258,258,41092.34,40557.07,159.27,2026-09-04 08:29:42
2018-06-12,2018-06,246,246,46762.43,46630.26,190.09,2026-09-04 08:29:42
2018-06-11,2018-06,294,294,57345.56,57345.56,195.05,2026-09-04 08:29:42
2018-06-10,2018-06,191,191,30140.75,30124.46,157.8,2026-09-04 08:29:42
2018-06-09,2018-06,172,172,34033.78,33831.91,197.87,2026-09-04 08:29:42
2018-06-08,2018-06,198,198,31797.2,31031.82,160.59,2026-09-04 08:29:42
2018-06-07,2018-06,223,223,42676.38,42676.38,191.37,2026-09-04 08:29:42
2018-06-06,2018-06,227,227,32176.98,32176.98,141.75,2026-09-04 08:29:42
2018-06-05,2018-06,197,197,36105.95,35869.16,183.28,2026-09-04 08:29:42
2018-06-04,2018-06,225,225,34326.4,33866.17,152.56,2026-09-04 08:29:42
2018-06-03,2018-06,192,192,33024.44,32375.81,172.0,2026-09-04 08:29:42
2018-06-02,2018-06,142,142,28939.99,28870.67,203.8,2026-09-04 08:29:42
2018-06-01,2018-06,184,184,37284.05,37284.05,202.63,2026-09-04 08:29:42
2018-05-31,2018-05,133,133,28156.52,27373.26,211.7,2026-09-04 08:29:42
2018-05-30,2018-05,140,140,22529.07,22279.17,160.92,2026-09-04 08:29:42
2018-05-29,2018-05,149,149,29441.33,29441.33,197.59,2026-09-04 08:29:42
2018-05-28,2018-05,142,142,30114.99,30114.99,212.08,2026-09-04 08:29:42
2018-05-27,2018-05,100,100,14693.68,14693.68,146.94,2026-09-04 08:29:42
2018-05-26,2018-05,99,99,16914.09,16914.09,170.85,2026-09-04 08:29:42
2018-05-25,2018-05,104,104,18286.32,18137.37,175.83,2026-09-04 08:29:42
2018-05-24,2018-05,114,114,22278.7,22210.47,195.43,2026-09-04 08:29:42
2018-05-23,2018-05,132,132,20262.3,20262.3,153.5,2026-09-04 08:29:42
2018-05-22,2018-05,197,197,31761.32,31382.42,161.22,2026-09-04 08:29:42
2018-05-21,2018-05,203,203,30400.68,28743.66,149.76,2026-09-04 08:29:42
2018-05-20,2018-05,160,160,23016.98,22624.45,143.86,2026-09-04 08:29:42
2018-05-19,2018-05,138,138,28191.23,28140.17,204.28,2026-09-04 08:29:42
2018-05-18,2018-05,236,236,36429.77,35661.17,154.36,2026-09-04 08:29:42
2018-05-17,2018-05,227,227,36211.64,35328.37,159.52,2026-09-04 08:29:42
2018-05-16,2018-05,356,356,64688.87,63960.93,181.71,2026-09-04 08:29:42
2018-05-15,2018-05,351,351,49428.11,49217.98,140.82,2026-09-04 08:29:42
2018-05-14,2018-05,363,363,62053.9,60753.88,170.95,2026-09-04 08:29:42
2018-05-13,2018-05,207,207,36320.07,36076.26,175.46,2026-09-04 08:29:42
2018-05-12,2018-05,206,206,34837.43,33775.17,169.11,2026-09-04 08:29:42
2018-05-11,2018-05,247,247,43346.5,43139.65,175.49,2026-09-04 08:29:42
2018-05-10,2018-05,278,278,57719.25,56936.59,207.62,2026-09-04 08:29:42
2018-05-09,2018-05,343,343,51059.66,49598.24,148.86,2026-09-04 08:29:42
2018-05-08,2018-05,328,328,54772.05,53989.69,166.99,2026-09-04 08:29:42
2018-05-07,2018-05,370,370,61526.77,60805.33,166.29,2026-09-04 08:29:42
2018-05-06,2018-05,210,210,32809.02,32174.89,156.23,2026-09-04 08:29:42
2018-05-05,2018-05,195,195,32557.06,32062.42,166.96,2026-09-04 08:29:42
2018-05-04,2018-05,265,265,45494.1,44708.27,171.68,2026-09-04 08:29:42
2018-05-03,2018-05,305,305,50218.85,47937.34,164.65,2026-09-04 08:29:42
2018-05-02,2018-05,296,296,44908.63,42472.0,151.72,2026-09-04 08:29:42
2018-05-01,2018-05,255,255,39054.88,37921.15,153.16,2026-09-04 08:29:42
2018-04-30,2018-04,240,240,41036.61,40467.48,170.99,2026-09-04 08:29:42
2018-04-29,2018-04,170,170,22939.28,22756.58,134.94,2026-09-04 08:29:42
2018-04-28,2018-04,168,168,26801.96,25846.43,159.54,2026-09-04 08:29:42
2018-04-27,2018-04,241,241,46643.99,45327.22,193.54,2026-09-04 08:29:42
2018-04-26,2018-04,253,253,36622.61,36424.31,144.75,2026-09-04 08:29:42
2018-04-25,2018-04,283,283,47291.36,46862.93,167.11,2026-09-04 08:29:42
2018-04-24,2018-04,270,270,49860.64,48920.61,184.67,2026-09-04 08:29:42
2018-04-23,2018-04,285,285,44363.29,43741.62,155.66,2026-09-04 08:29:42
2018-04-22,2018-04,200,200,31991.79,31803.77,159.96,2026-09-04 08:29:42
2018-04-21,2018-04,156,156,22465.89,22309.62,144.01,2026-09-04 08:29:42
2018-04-20,2018-04,197,197,32841.64,31389.13,166.71,2026-09-04 08:29:42
2018-04-19,2018-04,291,291,50091.19,49231.13,172.13,2026-09-04 08:29:42
2018-04-18,2018-04,280,280,46308.65,44858.48,165.39,2026-09-04 08:29:42
2018-04-17,2018-04,265,265,42776.47,39357.93,161.42,2026-09-04 08:29:42
2018-04-16,2018-04,279,279,47294.98,46881.58,169.52,2026-09-04 08:29:42
2018-04-15,2018-04,223,223,36564.19,36151.24,163.96,2026-09-04 08:29:42
2018-04-14,2018-04,146,146,22397.87,22305.81,153.41,2026-09-04 08:29:42
2018-04-13,2018-04,199,199,35097.58,34785.48,176.37,2026-09-04 08:29:42
2018-04-12,2018-04,255,255,39945.38,39744.34,156.65,2026-09-04 08:29:42
2018-04-11,2018-04,274,274,47204.47,44426.54,172.28,2026-09-04 08:29:42
2018-04-10,2018-04,201,201,32535.28,31879.46,161.87,2026-09-04 08:29:42
2018-04-09,2018-04,253,253,55782.82,55344.94,220.49,2026-09-04 08:29:42
2018-04-08,2018-04,185,185,27883.61,27508.1,150.72,2026-09-04 08:29:42
2018-04-07,2018-04,164,164,29014.86,28285.11,176.92,2026-09-04 08:29:42
2018-04-06,2018-04,188,188,31957.97,30713.51,169.99,2026-09-04 08:29:42
2018-04-05,2018-04,266,266,42219.17,41827.99,158.72,2026-09-04 08:29:42
2018-04-04,2018-04,257,257,43567.82,42190.71,169.52,2026-09-04 08:29:42
2018-04-03,2018-04,247,247,42187.32,41814.26,170.8,2026-09-04 08:29:42
2018-04-02,2018-04,281,281,47458.64,46569.05,168.89,2026-09-04 08:29:42
2018-04-01,2018-04,207,207,34189.0,33208.59,165.16,2026-09-04 08:29:42
2018-03-31,2018-03,168,168,29121.4,28154.19,173.34,2026-09-04 08:29:42
2018-03-30,2018-03,165,165,26279.75,25998.0,159.27,2026-09-04 08:29:42
2018-03-29,2018-03,193,193,33454.76,32834.01,173.34,2026-09-04 08:29:42
2018-03-28,2018-03,219,219,35082.68,31423.56,160.19,2026-09-04 08:29:42
2018-03-27,2018-03,244,244,40618.66,39310.44,166.47,2026-09-04 08:29:42
2018-03-26,2018-03,271,271,42683.94,41107.03,157.51,2026-09-04 08:29:42
2018-03-25,2018-03,190,190,30192.8,29948.35,158.91,2026-09-04 08:29:42
2018-03-24,2018-03,165,165,27711.42,27433.67,167.95,2026-09-04 08:29:42
2018-03-23,2018-03,220,220,34672.03,31492.41,157.6,2026-09-04 08:29:42
2018-03-22,2018-03,254,254,36989.79,36150.42,145.63,2026-09-04 08:29:42
2018-03-21,2018-03,285,285,46342.13,45667.68,162.6,2026-09-04 08:29:42
2018-03-20,2018-03,295,295,42536.71,42122.06,144.19,2026-09-04 08:29:42
2018-03-19,2018-03,302,302,52629.42,51213.97,174.27,2026-09-04 08:29:42
2018-03-18,2018-03,215,215,36076.38,35452.6,167.8,2026-09-04 08:29:42
2018-03-17,2018-03,180,180,24000.21,23542.99,133.33,2026-09-04 08:29:42
2018-03-16,2018-03,252,252,38760.36,37682.45,153.81,2026-09-04 08:29:42
2018-03-15,2018-03,287,287,51539.49,48505.73,179.58,2026-09-04 08:29:42
2018-03-14,2018-03,199,199,28417.25,27150.51,142.8,2026-09-04 08:29:42
2018-03-13,2018-03,226,226,41858.24,40303.17,185.21,2026-09-04 08:29:42
2018-03-12,2018-03,232,232,35930.89,35245.42,154.87,2026-09-04 08:29:42
2018-03-11,2018-03,218,218,36618.35,36317.38,167.97,2026-09-04 08:29:42
2018-03-10,2018-03,192,192,30851.65,29722.84,160.69,2026-09-04 08:29:42
2018-03-09,2018-03,204,204,33823.07,32245.91,165.8,2026-09-04 08:29:42
2018-03-08,2018-03,233,233,33659.86,33059.59,144.46,2026-09-04 08:29:42
2018-03-07,2018-03,259,259,42513.19,41584.0,164.14,2026-09-04 08:29:42
2018-03-06,2018-03,271,271,45971.24,44866.09,169.64,2026-09-04 08:29:42
2018-03-05,2018-03,260,260,45316.05,43688.21,174.29,2026-09-04 08:29:42
2018-03-04,2018-03,236,236,37479.8,35533.64,158.81,2026-09-04 08:29:42
2018-03-03,2018-03,211,211,31443.36,30780.47,149.02,2026-09-04 08:29:42
2018-03-02,2018-03,266,266,37550.31,36904.02,141.17,2026-09-04 08:29:42
2018-03-01,2018-03,273,273,46118.57,45237.19,168.93,2026-09-04 08:29:42
2018-02-28,2018-02,312,312,52283.97,51007.4,167.58,2026-09-04 08:29:42
2018-02-27,2018-02,296,296,46941.19,46614.44,158.59,2026-09-04 08:29:42
2018-02-26,2018-02,296,296,50283.55,49659.98,169.88,2026-09-04 08:29:42
2018-02-25,2018-02,236,236,34765.18,33900.73,147.31,2026-09-04 08:29:42
2018-02-24,2018-02,190,190,28271.9,27999.58,148.8,2026-09-04 08:29:42
2018-02-23,2018-02,235,235,33072.96,32866.43,140.74,2026-09-04 08:29:42
2018-02-22,2018-02,275,275,37123.32,35576.59,134.99,2026-09-04 08:29:42
2018-02-21,2018-02,262,262,37678.67,36890.27,143.81,2026-09-04 08:29:42
2018-02-20,2018-02,286,286,42506.92,42199.24,148.63,2026-09-04 08:29:42
2018-02-19,2018-02,255,255,33350.49,32947.13,130.79,2026-09-04 08:29:42
2018-02-18,2018-02,200,200,28947.04,28548.16,144.74,2026-09-04 08:29:42
2018-02-17,2018-02,200,200,29358.38,29049.53,146.79,2026-09-04 08:29:42
2018-02-16,2018-02,214,214,31867.47,31451.27,148.91,2026-09-04 08:29:42
2018-02-15,2018-02,278,278,38818.94,36737.77,139.64,2026-09-04 08:29:42
2018-02-14,2018-02,291,291,43320.51,42778.65,148.87,2026-09-04 08:29:42
2018-02-13,2018-02,221,221,28812.82,27425.09,130.37,2026-09-04 08:29:42
2018-02-12,2018-02,217,217,27917.88,27569.29,128.65,2026-09-04 08:29:42
2018-02-11,2018-02,171,171,26041.82,25377.01,152.29,2026-09-04 08:29:42
2018-02-10,2018-02,177,177,25052.55,24342.08,141.54,2026-09-04 08:29:42
2018-02-09,2018-02,213,213,35092.56,34643.87,164.75,2026-09-04 08:29:42
2018-02-08,2018-02,226,226,31625.52,31531.31,139.94,2026-09-04 08:29:42
2018-02-07,2018-02,245,245,36299.92,35845.39,148.16,2026-09-04 08:29:42
2018-02-06,2018-02,267,267,39815.85,39162.3,149.12,2026-09-04 08:29:42
2018-02-05,2018-02,266,266,42606.83,41183.29,160.18,2026-09-04 08:29:42
2018-02-04,2018-02,200,200,28072.84,27687.48,140.36,2026-09-04 08:29:42
2018-02-03,2018-02,190,190,27168.39,26742.03,142.99,2026-09-04 08:29:42
2018-02-02,2018-02,208,208,32357.3,31573.64,155.56,2026-09-04 08:29:42
2018-02-01,2018-02,228,228,35335.42,35200.93,154.98,2026-09-04 08:29:42
2018-01-31,2018-01,253,253,37392.74,37201.35,147.8,2026-09-04 08:29:42
2018-01-30,2018-01,252,252,34598.07,34186.5,137.29,2026-09-04 08:29:42
2018-01-29,2018-01,242,242,35457.08,35457.08,146.52,2026-09-04 08:29:42
2018-01-28,2018-01,153,153,27291.93,25685.11,178.38,2026-09-04 08:29:42
2018-01-27,2018-01,150,150,24568.62,24568.62,163.79,2026-09-04 08:29:42
2018-01-26,2018-01,226,226,39025.36,38752.79,172.68,2026-09-04 08:29:42
2018-01-25,2018-01,231,231,35198.15,33912.46,152.37,2026-09-04 08:29:42
2018-01-24,2018-01,241,241,36666.66,35959.91,152.14,2026-09-04 08:29:42
2018-01-23,2018-01,260,260,39832.9,39504.02,153.2,2026-09-04 08:29:42
2018-01-22,2018-01,313,313,43752.24,42966.09,139.78,2026-09-04 08:29:42
2018-01-21,2018-01,197,197,28151.61,25653.42,142.9,2026-09-04 08:29:42
2018-01-20,2018-01,183,183,26770.63,26667.76,146.29,2026-09-04 08:29:42
2018-01-19,2018-01,235,235,35649.63,32215.2,151.7,2026-09-04 08:29:42
2018-01-18,2018-01,241,241,33038.69,32644.24,137.09,2026-09-04 08:29:42
2018-01-17,2018-01,282,282,42151.92,41255.67,149.47,2026-09-04 08:29:42
2018-01-16,2018-01,302,302,51339.38,48957.92,170.0,2026-09-04 08:29:42
2018-01-15,2018-01,307,307,45208.29,44190.84,147.26,2026-09-04 08:29:42
2018-01-14,2018-01,235,235,35993.46,34947.35,153.16,2026-09-04 08:29:42
2018-01-13,2018-01,219,219,33222.38,31871.73,151.7,2026-09-04 08:29:42
2018-01-12,2018-01,243,243,37270.23,35877.3,153.38,2026-09-04 08:29:42
2018-01-11,2018-01,266,266,46746.38,45892.54,175.74,2026-09-04 08:29:42
2018-01-10,2018-01,277,277,44824.93,43643.99,161.82,2026-09-04 08:29:42
2018-01-09,2018-01,252,252,35440.0,34951.14,140.63,2026-09-04 08:29:42
2018-01-08,2018-01,293,293,45310.6,43927.03,154.64,2026-09-04 08:29:42
2018-01-07,2018-01,196,196,33993.48,32749.23,173.44,2026-09-04 08:29:42
2018-01-06,2018-01,216,216,32711.84,32447.81,151.44,2026-09-04 08:29:42
2018-01-05,2018-01,210,210,32341.95,30267.04,154.01,2026-09-04 08:29:42
2018-01-04,2018-01,258,258,40998.15,39137.4,158.91,2026-09-04 08:29:42
2018-01-03,2018-01,224,224,36535.67,35871.97,163.11,2026-09-04 08:29:42
2018-01-02,2018-01,204,204,29494.74,28935.99,144.58,2026-09-04 08:29:42
2018-01-01,2018-01,74,74,8486.29,8307.36,114.68,2026-09-04 08:29:42
2017-12-31,2017-12,73,73,10131.2,9924.7,138.78,2026-09-04 08:29:42
2017-12-30,2017-12,97,97,15412.61,15201.6,158.89,2026-09-04 08:29:42
2017-12-29,2017-12,135,135,20552.64,18620.09,152.24,2026-09-04 08:29:42
2017-12-28,2017-12,146,146,17793.85,17358.5,121.88,2026-09-04 08:29:42
2017-12-27,2017-12,167,167,21074.29,20625.7,126.19,2026-09-04 08:29:42
2017-12-26,2017-12,168,168,23797.46,23280.78,141.65,2026-09-04 08:29:42
2017-12-25,2017-12,90,90,12662.23,12059.38,140.69,2026-09-04 08:29:42
2017-12-24,2017-12,58,58,6708.53,6653.69,115.66,2026-09-04 08:29:42
2017-12-23,2017-12,108,108,16291.15,13952.53,150.84,2026-09-04 08:29:42
2017-12-22,2017-12,111,111,18073.47,16443.08,162.82,2026-09-04 08:29:42
2017-12-21,2017-12,142,142,21247.44,21104.96,149.63,2026-09-04 08:29:42
2017-12-20,2017-12,171,171,32004.68,30531.41,187.16,2026-09-04 08:29:42
2017-12-19,2017-12,176,176,24494.28,23858.26,139.17,2026-09-04 08:29:42
2017-12-18,2017-12,209,209,33898.13,33370.1,162.19,2026-09-04 08:29:42
2017-12-17,2017-12,133,133,22106.0,21775.65,166.21,2026-09-04 08:29:42
2017-12-16,2017-12,131,131,22907.05,22701.56,174.86,2026-09-04 08:29:42
2017-12-15,2017-12,192,192,31451.63,30506.85,163.81,2026-09-04 08:29:42
2017-12-14,2017-12,200,200,30754.31,29203.3,153.77,2026-09-04 08:29:42
2017-12-13,2017-12,217,217,34127.22,33708.8,157.27,2026-09-04 08:29:42
2017-12-12,2017-12,260,260,40370.39,37772.83,155.27,2026-09-04 08:29:42
2017-12-11,2017-12,266,266,39071.53,38433.88,146.89,2026-09-04 08:29:42
2017-12-10,2017-12,189,189,29144.28,27637.73,154.2,2026-09-04 08:29:42
2017-12-09,2017-12,155,155,23639.52,23321.18,152.51,2026-09-04 08:29:42
2017-12-08,2017-12,219,219,35160.82,33204.45,160.55,2026-09-04 08:29:42
2017-12-07,2017-12,229,229,33664.2,32437.07,147.01,2026-09-04 08:29:42
2017-12-06,2017-12,279,279,46039.39,44917.89,165.02,2026-09-04 08:29:42
2017-12-05,2017-12,282,282,40707.77,39049.39,144.35,2026-09-04 08:29:42
2017-12-04,2017-12,336,336,55410.81,51732.07,164.91,2026-09-04 08:29:42
2017-12-03,2017-12,233,233,34383.02,33708.24,147.57,2026-09-04 08:29:42
2017-12-02,2017-12,216,216,35908.51,35251.72,166.24,2026-09-04 08:29:42
2017-12-01,2017-12,274,274,45973.82,44851.78,167.79,2026-09-04 08:29:42
2017-11-30,2017-11,267,267,37026.73,36081.79,138.68,2026-09-04 08:29:42
2017-11-29,2017-11,322,322,47983.35,46164.9,149.02,2026-09-04 08:29:42
2017-11-28,2017-11,379,379,56618.23,55990.31,149.39,2026-09-04 08:29:42
2017-11-27,2017-11,403,403,56966.28,55887.37,141.36,2026-09-04 08:29:42
2017-11-26,2017-11,389,389,53482.43,52164.38,137.49,2026-09-04 08:29:42
2017-11-25,2017-11,499,499,71897.01,70684.27,144.08,2026-09-04 08:29:42
2017-11-24,2017-11,1176,1176,179200.03,175250.94,152.38,2026-09-04 08:29:42
2017-11-23,2017-11,281,281,51407.27,49748.17,182.94,2026-09-04 08:29:42
2017-11-22,2017-11,200,200,30418.28,28780.66,152.09,2026-09-04 08:29:42
2017-11-21,2017-11,226,226,39707.85,38509.62,175.7,2026-09-04 08:29:42
2017-11-20,2017-11,228,228,50401.58,49081.73,221.06,2026-09-04 08:29:42
2017-11-19,2017-11,158,158,23312.6,23273.59,147.55,2026-09-04 08:29:42
2017-11-18,2017-11,148,148,27948.34,26543.38,188.84,2026-09-04 08:29:42
2017-11-17,2017-11,197,197,35386.84,33589.38,179.63,2026-09-04 08:29:42
2017-11-16,2017-11,226,226,33063.27,32236.15,146.3,2026-09-04 08:29:42
2017-11-15,2017-11,183,183,26864.06,26278.59,146.8,2026-09-04 08:29:42
2017-11-14,2017-11,188,188,31577.9,30765.71,167.97,2026-09-04 08:29:42
2017-11-13,2017-11,203,203,29382.72,28691.3,144.74,2026-09-04 08:29:42
2017-11-12,2017-11,174,174,26725.08,25953.39,153.59,2026-09-04 08:29:42
2017-11-11,2017-11,158,158,27481.75,26054.42,173.94,2026-09-04 08:29:42
2017-11-10,2017-11,163,163,22628.52,22010.46,138.83,2026-09-04 08:29:42
2017-11-09,2017-11,188,188,28653.0,28045.15,152.41,2026-09-04 08:29:42
2017-11-08,2017-11,173,173,23241.95,22458.68,134.35,2026-09-04 08:29:42
2017-11-07,2017-11,160,160,24945.21,23399.01,155.91,2026-09-04 08:29:42
2017-11-06,2017-11,189,189,33155.88,32103.93,175.43,2026-09-04 08:29:42
2017-11-05,2017-11,142,142,20817.38,19815.71,146.6,2026-09-04 08:29:42
2017-11-04,2017-11,111,111,22294.81,22074.22,200.85,2026-09-04 08:29:42
2017-11-03,2017-11,143,143,27058.52,26036.08,189.22,2026-09-04 08:29:42
2017-11-02,2017-11,122,122,24875.33,23825.62,203.9,2026-09-04 08:29:42
2017-11-01,2017-11,111,111,22702.16,22029.14,204.52,2026-09-04 08:29:42
2017-10-31,2017-10,160,160,27058.22,26760.99,169.11,2026-09-04 08:29:42
2017-10-30,2017-10,148,148,23701.77,22367.93,160.15,2026-09-04 08:29:42
2017-10-29,2017-10,130,130,20172.11,20055.17,155.17,2026-09-04 08:29:42
2017-10-28,2017-10,87,87,19176.88,18741.9,220.42,2026-09-04 08:29:42
2017-10-27,2017-10,133,133,23488.17,23083.02,176.6,2026-09-04 08:29:42
2017-10-26,2017-10,143,143,25676.13,24937.53,179.55,2026-09-04 08:29:42
2017-10-25,2017-10,156,156,21470.53,20594.98,137.63,2026-09-04 08:29:42
2017-10-24,2017-10,163,163,25711.59,25677.06,157.74,2026-09-04 08:29:42
2017-10-23,2017-10,160,160,25836.99,25132.41,161.48,2026-09-04 08:29:42
2017-10-22,2017-10,157,157,23210.17,22539.73,147.84,2026-09-04 08:29:42
2017-10-21,2017-10,111,111,17566.09,16798.55,158.25,2026-09-04 08:29:42
2017-10-20,2017-10,121,121,21508.14,21436.4,177.75,2026-09-04 08:29:42
2017-10-19,2017-10,176,176,26988.8,26785.55,153.35,2026-09-04 08:29:42
2017-10-18,2017-10,179,179,31793.67,31501.88,177.62,2026-09-04 08:29:42
2017-10-17,2017-10,202,202,35288.18,34316.96,174.69,2026-09-04 08:29:42
2017-10-16,2017-10,194,194,35110.66,34435.34,180.98,2026-09-04 08:29:42
2017-10-15,2017-10,121,121,21353.84,21097.05,176.48,2026-09-04 08:29:42
2017-10-14,2017-10,115,115,16131.48,15715.4,140.27,2026-09-04 08:29:42
2017-10-13,2017-10,154,154,26589.92,25707.8,172.66,2026-09-04 08:29:42
2017-10-12,2017-10,141,141,22430.94,21724.54,159.08,2026-09-04 08:29:42
2017-10-11,2017-10,158,158,26214.78,21848.65,165.92,2026-09-04 08:29:42
2017-10-10,2017-10,183,183,32347.07,31450.93,176.76,2026-09-04 08:29:42
2017-10-09,2017-10,191,191,34027.04,33381.74,178.15,2026-09-04 08:29:42
2017-10-08,2017-10,126,126,19756.3,19424.09,156.8,2026-09-04 08:29:42
2017-10-07,2017-10,104,104,17649.55,17222.96,169.71,2026-09-04 08:29:42
2017-10-06,2017-10,129,129,21816.53,19876.13,169.12,2026-09-04 08:29:42
2017-10-05,2017-10,139,139,28815.44,28373.15,207.31,2026-09-04 08:29:42
2017-10-04,2017-10,157,157,24787.58,24518.81,157.88,2026-09-04 08:29:42
2017-10-03,2017-10,198,198,30389.12,29647.5,153.48,2026-09-04 08:29:42
2017-10-02,2017-10,143,143,25565.11,24937.45,178.78,2026-09-04 08:29:42
2017-10-01,2017-10,126,126,21471.55,21048.67,170.41,2026-09-04 08:29:42
2017-09-30,2017-09,109,109,14879.17,13706.62,136.51,2026-09-04 08:29:42
2017-09-29,2017-09,121,121,34497.47,31075.78,285.1,2026-09-04 08:29:42
2017-09-28,2017-09,142,142,26349.1,26042.47,185.56,2026-09-04 08:29:42
2017-09-27,2017-09,146,146,24806.6,24083.23,169.91,2026-09-04 08:29:42
2017-09-26,2017-09,180,180,25296.36,24567.7,140.54,2026-09-04 08:29:42
2017-09-25,2017-09,135,135,21073.05,20365.15,156.1,2026-09-04 08:29:42
2017-09-24,2017-09,116,116,15573.22,15371.22,134.25,2026-09-04 08:29:42
2017-09-23,2017-09,87,87,12332.16,11530.58,141.75,2026-09-04 08:29:42
2017-09-22,2017-09,137,137,18679.5,18108.13,136.35,2026-09-04 08:29:42
2017-09-21,2017-09,150,150,22458.19,21483.11,149.72,2026-09-04 08:29:42
2017-09-20,2017-09,163,163,26170.08,25726.43,160.55,2026-09-04 08:29:42
2017-09-19,2017-09,154,154,23478.66,22906.86,152.46,2026-09-04 08:29:42
2017-09-18,2017-09,183,183,32535.23,31137.99,177.79,2026-09-04 08:29:42
2017-09-17,2017-09,126,126,22848.42,22826.04,181.34,2026-09-04 08:29:42
2017-09-16,2017-09,127,127,23548.28,21758.71,185.42,2026-09-04 08:29:42
2017-09-15,2017-09,148,148,21359.52,21050.7,144.32,2026-09-04 08:29:42
2017-09-14,2017-09,166,166,26502.51,26057.64,159.65,2026-09-04 08:29:42
2017-09-13,2017-09,206,206,31777.89,31513.56,154.26,2026-09-04 08:29:42
2017-09-12,2017-09,204,204,32499.29,31485.63,159.31,2026-09-04 08:29:42
2017-09-11,2017-09,179,179,27034.69,26817.75,151.03,2026-09-04 08:29:42
2017-09-10,2017-09,135,135,20860.36,20041.51,154.52,2026-09-04 08:29:42
2017-09-09,2017-09,106,106,17681.22,17086.05,166.8,2026-09-04 08:29:42
2017-09-08,2017-09,115,115,14444.76,14069.01,125.61,2026-09-04 08:29:42
2017-09-07,2017-09,99,99,21328.86,19096.76,215.44,2026-09-04 08:29:42
2017-09-06,2017-09,139,139,28304.19,28254.37,203.63,2026-09-04 08:29:42
2017-09-05,2017-09,157,157,24954.68,24058.05,158.95,2026-09-04 08:29:42
2017-09-04,2017-09,150,150,28719.24,28186.68,191.46,2026-09-04 08:29:42
2017-09-03,2017-09,124,124,30887.45,30749.17,249.09,2026-09-04 08:29:42
2017-09-02,2017-09,104,104,20479.18,20215.96,196.92,2026-09-04 08:29:42
2017-09-01,2017-09,157,157,32421.94,31797.13,206.51,2026-09-04 08:29:42
2017-08-31,2017-08,148,148,23694.98,22824.04,160.1,2026-09-04 08:29:42
2017-08-30,2017-08,179,179,35048.85,33063.14,195.8,2026-09-04 08:29:42
2017-08-29,2017-08,137,137,37025.7,36458.7,270.26,2026-09-04 08:29:42
2017-08-28,2017-08,154,154,25497.07,24637.72,165.57,2026-09-04 08:29:42
2017-08-27,2017-08,119,119,16327.14,15414.3,137.2,2026-09-04 08:29:42
2017-08-26,2017-08,93,93,12054.65,11658.23,129.62,2026-09-04 08:29:42
2017-08-25,2017-08,121,121,17277.28,16589.62,142.79,2026-09-04 08:29:42
2017-08-24,2017-08,128,128,16398.73,15814.19,128.12,2026-09-04 08:29:42
2017-08-23,2017-08,112,112,18789.7,18593.79,167.77,2026-09-04 08:29:42
2017-08-22,2017-08,137,137,19869.85,19680.58,145.04,2026-09-04 08:29:42
2017-08-21,2017-08,177,177,26019.72,25168.01,147.0,2026-09-04 08:29:42
2017-08-20,2017-08,104,104,15073.71,14955.17,144.94,2026-09-04 08:29:42
2017-08-19,2017-08,107,107,15086.02,15031.02,140.99,2026-09-04 08:29:42
2017-08-18,2017-08,146,146,20025.87,19514.79,137.16,2026-09-04 08:29:42
2017-08-17,2017-08,157,157,21853.32,21116.33,139.19,2026-09-04 08:29:42
2017-08-16,2017-08,171,171,25457.06,24367.86,148.87,2026-09-04 08:29:42
2017-08-15,2017-08,194,194,27992.04,26883.56,144.29,2026-09-04 08:29:42
2017-08-14,2017-08,157,157,21919.18,21245.89,139.61,2026-09-04 08:29:42
2017-08-13,2017-08,95,95,15842.56,14373.59,166.76,2026-09-04 08:29:42
2017-08-12,2017-08,96,96,15538.91,14433.45,161.86,2026-09-04 08:29:42
2017-08-11,2017-08,140,140,22646.78,22067.71,161.76,2026-09-04 08:29:42
2017-08-10,2017-08,156,156,23466.9,23196.09,150.43,2026-09-04 08:29:42
2017-08-09,2017-08,143,143,23948.64,23298.08,167.47,2026-09-04 08:29:42
2017-08-08,2017-08,146,146,21541.13,21541.13,147.54,2026-09-04 08:29:42
2017-08-07,2017-08,157,157,26629.34,26629.34,169.61,2026-09-04 08:29:42
2017-08-06,2017-08,109,109,17023.39,15305.72,156.18,2026-09-04 08:29:42
2017-08-05,2017-08,114,114,14407.83,14282.71,126.38,2026-09-04 08:29:42
2017-08-04,2017-08,142,142,21712.53,21112.7,152.91,2026-09-04 08:29:42
2017-08-03,2017-08,146,146,22136.84,21257.46,151.62,2026-09-04 08:29:42
2017-08-02,2017-08,154,154,21501.39,20673.81,139.62,2026-09-04 08:29:42
2017-08-01,2017-08,165,165,25417.36,24811.88,154.04,2026-09-04 08:29:42
2017-07-31,2017-07,146,146,20326.83,20093.97,139.22,2026-09-04 08:29:42
2017-07-30,2017-07,117,117,15341.69,14388.61,131.13,2026-09-04 08:29:42
2017-07-29,2017-07,114,114,18205.24,17426.58,159.7,2026-09-04 08:29:42
2017-07-28,2017-07,132,132,23276.3,22607.76,176.34,2026-09-04 08:29:42
2017-07-27,2017-07,124,124,18945.82,18440.82,152.79,2026-09-04 08:29:42
2017-07-26,2017-07,122,122,13864.08,13352.49,113.64,2026-09-04 08:29:42
2017-07-25,2017-07,150,150,20361.16,19767.31,135.74,2026-09-04 08:29:42
2017-07-24,2017-07,159,159,21434.6,21300.63,134.81,2026-09-04 08:29:42
2017-07-23,2017-07,105,105,14066.83,13682.85,133.97,2026-09-04 08:29:42
2017-07-22,2017-07,88,88,13318.54,13279.2,151.35,2026-09-04 08:29:42
2017-07-21,2017-07,114,114,15209.99,14917.53,133.42,2026-09-04 08:29:42
2017-07-20,2017-07,141,141,21294.78,21031.58,151.03,2026-09-04 08:29:42
2017-07-19,2017-07,153,153,20411.75,19302.12,133.41,2026-09-04 08:29:42
2017-07-18,2017-07,192,192,32450.89,31860.71,169.02,2026-09-04 08:29:42
2017-07-17,2017-07,168,168,25799.54,25134.75,153.57,2026-09-04 08:29:42
2017-07-16,2017-07,112,112,15588.11,15084.95,139.18,2026-09-04 08:29:42
2017-07-15,2017-07,98,98,13128.05,13070.37,133.96,2026-09-04 08:29:42
2017-07-14,2017-07,149,149,21833.26,21665.78,146.53,2026-09-04 08:29:42
2017-07-13,2017-07,136,136,17902.73,17675.37,131.64,2026-09-04 08:29:42
2017-07-12,2017-07,151,151,22567.34,21775.74,149.45,2026-09-04 08:29:42
2017-07-11,2017-07,164,164,24685.11,22602.06,150.52,2026-09-04 08:29:42
2017-07-10,2017-07,143,143,20661.8,20397.34,144.49,2026-09-04 08:29:42
2017-07-09,2017-07,91,91,10076.6,9915.73,110.73,2026-09-04 08:29:42
2017-07-08,2017-07,84,84,12001.35,11897.07,142.87,2026-09-04 08:29:42
2017-07-07,2017-07,120,120,16234.03,15647.8,135.28,2026-09-04 08:29:42
2017-07-06,2017-07,154,154,26556.07,24168.19,172.44,2026-09-04 08:29:42
2017-07-05,2017-07,143,143,24472.12,23844.87,171.13,2026-09-04 08:29:42
2017-07-04,2017-07,125,125,18107.6,17626.42,144.86,2026-09-04 08:29:42
2017-07-03,2017-07,117,117,19262.68,17715.56,164.64,2026-09-04 08:29:42
2017-07-02,2017-07,106,106,13807.47,13372.33,130.26,2026-09-04 08:29:42
2017-07-01,2017-07,80,80,14139.0,13357.44,176.74,2026-09-04 08:29:42
2017-06-30,2017-06,95,95,16236.74,14750.45,170.91,2026-09-04 08:29:42
2017-06-29,2017-06,114,114,14694.57,14276.78,128.9,2026-09-04 08:29:42
2017-06-28,2017-06,120,120,17080.88,16840.29,142.34,2026-09-04 08:29:42
2017-06-27,2017-06,141,141,19680.13,19609.72,139.58,2026-09-04 08:29:42
2017-06-26,2017-06,72,72,15200.32,14631.39,211.12,2026-09-04 08:29:42
2017-06-25,2017-06,105,105,20734.34,19861.19,197.47,2026-09-04 08:29:42
2017-06-24,2017-06,76,76,10013.7,9781.5,131.76,2026-09-04 08:29:42
2017-06-23,2017-06,106,106,15422.94,15044.51,145.5,2026-09-04 08:29:42
2017-06-22,2017-06,86,86,10394.48,10159.55,120.87,2026-09-04 08:29:42
2017-06-21,2017-06,35,35,7275.1,7199.7,207.86,2026-09-04 08:29:42
2017-06-20,2017-06,93,93,14348.92,13653.9,154.29,2026-09-04 08:29:42
2017-06-19,2017-06,155,155,25849.71,25319.01,166.77,2026-09-04 08:29:42
2017-06-18,2017-06,88,88,17584.14,17556.37,199.82,2026-09-04 08:29:42
2017-06-17,2017-06,75,75,13070.16,12474.05,174.27,2026-09-04 08:29:42
2017-06-16,2017-06,95,95,14673.21,14547.83,154.45,2026-09-04 08:29:42
2017-06-15,2017-06,106,106,15008.92,14140.56,141.59,2026-09-04 08:29:42
2017-06-14,2017-06,131,131,23559.52,23217.67,179.84,2026-09-04 08:29:42
2017-06-13,2017-06,125,125,16783.87,16307.27,134.27,2026-09-04 08:29:42
2017-06-12,2017-06,126,126,17389.2,16726.27,138.01,2026-09-04 08:29:42
2017-06-11,2017-06,115,115,19348.54,16397.4,168.25,2026-09-04 08:29:42
2017-06-10,2017-06,77,77,9892.1,9467.0,128.47,2026-09-04 08:29:42
2017-06-09,2017-06,107,107,18685.52,18447.99,174.63,2026-09-04 08:29:42
2017-06-08,2017-06,137,137,22106.28,21919.44,161.36,2026-09-04 08:29:42
2017-06-07,2017-06,128,128,15989.12,15102.21,124.92,2026-09-04 08:29:42
2017-06-06,2017-06,133,133,17309.54,16125.71,130.15,2026-09-04 08:29:42
2017-06-05,2017-06,146,146,27124.98,25970.01,185.79,2026-09-04 08:29:42
2017-06-04,2017-06,102,102,16029.49,15701.85,157.15,2026-09-04 08:29:42
2017-06-03,2017-06,89,89,12265.44,12232.84,137.81,2026-09-04 08:29:42
2017-06-02,2017-06,127,127,21769.38,21013.76,171.41,2026-09-04 08:29:42
2017-06-01,2017-06,124,124,21781.38,21749.38,175.66,2026-09-04 08:29:42
2017-05-31,2017-05,126,126,23405.8,21941.91,185.76,2026-09-04 08:29:42
2017-05-30,2017-05,103,103,16642.1,15732.56,161.57,2026-09-04 08:29:42
2017-05-29,2017-05,158,158,21922.39,20620.45,138.75,2026-09-04 08:29:42
2017-05-28,2017-05,98,98,11120.71,11120.71,113.48,2026-09-04 08:29:42
2017-05-27,2017-05,80,80,16025.22,15158.26,200.32,2026-09-04 08:29:42
2017-05-26,2017-05,79,79,12634.24,12246.38,159.93,2026-09-04 08:29:42
2017-05-25,2017-05,106,106,17780.45,17383.91,167.74,2026-09-04 08:29:42
2017-05-24,2017-05,142,142,26991.95,26552.81,190.08,2026-09-04 08:29:42
2017-05-23,2017-05,124,124,20411.07,19919.26,164.61,2026-09-04 08:29:42
2017-05-22,2017-05,148,148,28906.6,27312.02,195.31,2026-09-04 08:29:42
2017-05-21,2017-05,148,148,20368.53,20063.3,137.63,2026-09-04 08:29:42
2017-05-20,2017-05,72,72,12364.17,12239.93,171.72,2026-09-04 08:29:42
2017-05-19,2017-05,144,144,21525.09,20483.89,149.48,2026-09-04 08:29:42
2017-05-18,2017-05,125,125,20861.79,20806.7,166.89,2026-09-04 08:29:42
2017-05-17,2017-05,140,140,21217.81,21127.09,151.56,2026-09-04 08:29:42
2017-05-16,2017-05,152,152,24456.93,24213.16,160.9,2026-09-04 08:29:42
2017-05-15,2017-05,156,156,21723.62,21065.32,139.25,2026-09-04 08:29:42
2017-05-14,2017-05,110,110,17327.24,16520.56,157.52,2026-09-04 08:29:42
2017-05-13,2017-05,72,72,10601.95,9781.86,147.25,2026-09-04 08:29:42
2017-05-12,2017-05,112,112,14758.78,13918.65,131.77,2026-09-04 08:29:42
2017-05-11,2017-05,126,126,21204.04,21063.52,168.29,2026-09-04 08:29:42
2017-05-10,2017-05,115,115,23258.64,22648.56,202.25,2026-09-04 08:29:42
2017-05-09,2017-05,127,127,24179.94,23492.4,190.39,2026-09-04 08:29:42
2017-05-08,2017-05,124,124,19194.68,18708.37,154.8,2026-09-04 08:29:42
2017-05-07,2017-05,111,111,20467.98,18674.86,184.4,2026-09-04 08:29:42
2017-05-06,2017-05,109,109,19227.55,16618.04,176.4,2026-09-04 08:29:42
2017-05-05,2017-05,111,111,16584.58,15920.31,149.41,2026-09-04 08:29:42
2017-05-04,2017-05,109,109,15901.72,15778.17,145.89,2026-09-04 08:29:42
2017-05-03,2017-05,102,102,12155.48,12124.87,119.17,2026-09-04 08:29:42
2017-05-02,2017-05,126,126,20512.14,19905.71,162.79,2026-09-04 08:29:42
2017-05-01,2017-05,116,116,14796.77,13923.19,127.56,2026-09-04 08:29:42
2017-04-30,2017-04,68,68,9437.0,9289.56,138.78,2026-09-04 08:29:42
2017-04-29,2017-04,74,74,13835.28,13307.91,186.96,2026-09-04 08:29:42
2017-04-28,2017-04,98,98,18063.29,17803.15,184.32,2026-09-04 08:29:42
2017-04-27,2017-04,78,78,11871.67,11475.53,152.2,2026-09-04 08:29:42
2017-04-26,2017-04,123,123,18118.2,18037.64,147.3,2026-09-04 08:29:42
2017-04-25,2017-04,111,111,17176.35,16145.47,154.74,2026-09-04 08:29:42
2017-04-24,2017-04,114,114,15762.05,15435.59,138.26,2026-09-04 08:29:42
2017-04-23,2017-04,86,86,11685.76,11506.54,135.88,2026-09-04 08:29:42
2017-04-22,2017-04,84,84,15005.06,14760.97,178.63,2026-09-04 08:29:42
2017-04-21,2017-04,67,67,10141.81,10101.02,151.37,2026-09-04 08:29:42
2017-04-20,2017-04,97,97,15865.09,14461.9,163.56,2026-09-04 08:29:42
2017-04-19,2017-04,97,97,13941.25,13527.61,143.72,2026-09-04 08:29:42
2017-04-18,2017-04,71,71,23433.86,23433.86,330.05,2026-09-04 08:29:42
2017-04-17,2017-04,64,64,9277.43,8628.01,144.96,2026-09-04 08:29:42
2017-04-16,2017-04,49,49,6532.21,6063.82,133.31,2026-09-04 08:29:42
2017-04-15,2017-04,52,52,9391.56,9225.82,180.61,2026-09-04 08:29:42
2017-04-14,2017-04,51,51,8326.42,7950.88,163.26,2026-09-04 08:29:42
2017-04-13,2017-04,60,60,11216.11,11216.11,186.94,2026-09-04 08:29:42
2017-04-12,2017-04,62,62,9220.27,8925.15,148.71,2026-09-04 08:29:42
2017-04-11,2017-04,78,78,9878.09,8420.13,126.64,2026-09-04 08:29:42
2017-04-10,2017-04,86,86,13321.95,13049.66,154.91,2026-09-04 08:29:42
2017-04-09,2017-04,71,71,9341.0,9077.65,131.56,2026-09-04 08:29:42
2017-04-08,2017-04,68,68,10290.74,9688.06,151.33,2026-09-04 08:29:42
2017-04-07,2017-04,84,84,14962.24,14605.91,178.12,2026-09-04 08:29:42
2017-04-06,2017-04,96,96,26863.58,20966.29,279.83,2026-09-04 08:29:42
2017-04-05,2017-04,96,96,20774.55,20080.09,216.4,2026-09-04 08:29:42
2017-04-04,2017-04,96,96,14152.99,14152.99,147.43,2026-09-04 08:29:42
2017-04-03,2017-04,72,72,10776.9,10300.27,149.68,2026-09-04 08:29:42
2017-04-02,2017-04,65,65,10608.62,10452.22,163.21,2026-09-04 08:29:42
2017-04-01,2017-04,68,68,20574.68,18862.37,302.57,2026-09-04 08:29:42
2017-03-31,2017-03,70,70,13753.28,13712.76,196.48,2026-09-04 08:29:42
2017-03-30,2017-03,74,74,11435.0,11172.34,154.53,2026-09-04 08:29:42
2017-03-29,2017-03,73,73,9805.42,9662.03,134.32,2026-09-04 08:29:42
2017-03-28,2017-03,100,100,14028.49,13533.91,140.28,2026-09-04 08:29:42
2017-03-27,2017-03,110,110,20364.53,18517.1,185.13,2026-09-04 08:29:42
2017-03-26,2017-03,64,64,7642.02,7356.91,119.41,2026-09-04 08:29:42
2017-03-25,2017-03,75,75,11169.26,10896.76,148.92,2026-09-04 08:29:42
2017-03-24,2017-03,78,78,13336.7,11554.39,170.98,2026-09-04 08:29:42
2017-03-23,2017-03,113,113,22825.28,18402.83,201.99,2026-09-04 08:29:42
2017-03-22,2017-03,105,105,16390.14,16338.04,156.1,2026-09-04 08:29:42
2017-03-21,2017-03,93,93,14687.41,13166.64,157.93,2026-09-04 08:29:42
2017-03-20,2017-03,115,115,19583.18,19327.85,170.29,2026-09-04 08:29:42
2017-03-19,2017-03,56,56,7728.08,7728.08,138.0,2026-09-04 08:29:42
2017-03-18,2017-03,73,73,17943.07,17593.33,245.8,2026-09-04 08:29:42
2017-03-17,2017-03,65,65,13611.28,13522.03,209.4,2026-09-04 08:29:42
2017-03-16,2017-03,102,102,16569.07,16467.91,162.44,2026-09-04 08:29:42
2017-03-15,2017-03,108,108,17364.91,16477.95,160.79,2026-09-04 08:29:42
2017-03-14,2017-03,98,98,16416.29,16171.19,167.51,2026-09-04 08:29:42
2017-03-13,2017-03,108,108,18983.78,18563.44,175.78,2026-09-04 08:29:42
2017-03-12,2017-03,63,63,7711.89,7711.89,122.41,2026-09-04 08:29:42
2017-03-11,2017-03,70,70,12473.31,12108.32,178.19,2026-09-04 08:29:42
2017-03-10,2017-03,86,86,14107.78,14005.74,164.04,2026-09-04 08:29:42
2017-03-09,2017-03,93,93,13828.33,13001.78,148.69,2026-09-04 08:29:42
2017-03-08,2017-03,78,78,16720.32,14778.27,214.36,2026-09-04 08:29:42
2017-03-07,2017-03,81,81,13608.11,13190.06,168.0,2026-09-04 08:29:42
2017-03-06,2017-03,104,104,12076.89,10605.15,116.12,2026-09-04 08:29:42
2017-03-05,2017-03,72,72,8546.74,8092.32,118.7,2026-09-04 08:29:42
2017-03-04,2017-03,78,78,13575.5,10024.79,174.04,2026-09-04 08:29:42
2017-03-03,2017-03,74,74,14154.71,13919.14,191.28,2026-09-04 08:29:42
2017-03-02,2017-03,72,72,13146.36,12575.46,182.59,2026-09-04 08:29:42
2017-03-01,2017-03,98,98,18819.24,14190.98,192.03,2026-09-04 08:29:42
2017-02-28,2017-02,54,54,12423.25,11999.21,230.06,2026-09-04 08:29:42
2017-02-27,2017-02,42,42,6790.76,6727.34,161.68,2026-09-04 08:29:42
2017-02-26,2017-02,46,46,6583.5,6101.02,143.12,2026-09-04 08:29:42
2017-02-25,2017-02,43,43,5126.18,4347.75,119.21,2026-09-04 08:29:42
2017-02-24,2017-02,64,64,7983.01,7779.2,124.73,2026-09-04 08:29:42
2017-02-23,2017-02,59,59,8571.86,7792.79,145.29,2026-09-04 08:29:42
2017-02-22,2017-02,60,60,8637.2,7024.96,143.95,2026-09-04 08:29:42
2017-02-21,2017-02,41,41,9333.46,8982.23,227.65,2026-09-04 08:29:42
2017-02-20,2017-02,62,62,9122.62,8318.07,147.14,2026-09-04 08:29:42
2017-02-19,2017-02,40,40,4477.65,4195.81,111.94,2026-09-04 08:29:42
2017-02-18,2017-02,54,54,9308.3,8456.59,172.38,2026-09-04 08:29:42
2017-02-17,2017-02,46,46,8093.57,8059.2,175.95,2026-09-04 08:29:42
2017-02-16,2017-02,53,53,7486.85,6842.42,141.26,2026-09-04 08:29:42
2017-02-15,2017-02,62,62,8326.4,7734.14,134.3,2026-09-04 08:29:42
2017-02-14,2017-02,76,76,15309.08,12363.65,201.44,2026-09-04 08:29:42
2017-02-13,2017-02,77,77,12667.02,12174.71,164.51,2026-09-04 08:29:42
2017-02-12,2017-02,63,63,16639.87,16389.82,264.12,2026-09-04 08:29:42
2017-02-11,2017-02,49,49,5648.37,5233.15,115.27,2026-09-04 08:29:42
2017-02-10,2017-02,65,65,15052.88,14492.58,231.58,2026-09-04 08:29:42
2017-02-09,2017-02,77,77,10844.17,10568.42,140.83,2026-09-04 08:29:42
2017-02-08,2017-02,94,94,14232.29,13517.96,151.41,2026-09-04 08:29:42
2017-02-07,2017-02,111,111,16541.61,16020.23,149.02,2026-09-04 08:29:42
2017-02-06,2017-02,85,85,11626.0,10893.73,136.78,2026-09-04 08:29:42
2017-02-05,2017-02,75,75,10153.24,10035.21,135.38,2026-09-04 08:29:42
2017-02-04,2017-02,67,67,15747.17,15320.15,235.03,2026-09-04 08:29:42
2017-02-03,2017-02,57,57,11505.0,10797.07,201.84,2026-09-04 08:29:42
2017-02-02,2017-02,69,69,10676.54,10342.54,154.73,2026-09-04 08:29:42
2017-02-01,2017-02,72,72,10173.16,8788.7,141.29,2026-09-04 08:29:42
2017-01-31,2017-01,70,70,13021.73,11818.15,186.02,2026-09-04 08:29:42
2017-01-30,2017-01,53,53,12187.9,11290.93,229.96,2026-09-04 08:29:42
2017-01-29,2017-01,35,35,7160.66,6593.76,204.59,2026-09-04 08:29:42
2017-01-28,2017-01,29,29,5909.98,5736.98,203.79,2026-09-04 08:29:42
2017-01-27,2017-01,62,62,12904.13,12458.14,208.13,2026-09-04 08:29:42
2017-01-26,2017-01,85,85,15127.74,14824.8,177.97,2026-09-04 08:29:42
2017-01-25,2017-01,63,63,10434.31,8196.05,165.62,2026-09-04 08:29:42
2017-01-24,2017-01,40,40,6794.5,5954.18,169.86,2026-09-04 08:29:42
2017-01-23,2017-01,39,39,7553.89,7221.59,193.69,2026-09-04 08:29:42
2017-01-22,2017-01,31,31,4280.22,4141.87,138.07,2026-09-04 08:29:42
2017-01-21,2017-01,24,24,3094.76,2897.86,128.95,2026-09-04 08:29:42
2017-01-20,2017-01,29,29,4698.07,4656.05,162.0,2026-09-04 08:29:42
2017-01-19,2017-01,29,29,4140.16,4140.16,142.76,2026-09-04 08:29:42
2017-01-18,2017-01,33,33,4683.38,3811.68,141.92,2026-09-04 08:29:42
2017-01-17,2017-01,32,32,3893.61,3893.61,121.68,2026-09-04 08:29:42
2017-01-16,2017-01,19,19,3712.24,3668.38,195.38,2026-09-04 08:29:42
2017-01-15,2017-01,14,14,2551.34,2551.34,182.24,2026-09-04 08:29:42
2017-01-14,2017-01,18,18,1507.36,1161.08,83.74,2026-09-04 08:29:42
2017-01-13,2017-01,11,11,2780.72,2712.86,252.79,2026-09-04 08:29:42
2017-01-12,2017-01,13,13,2502.69,1720.35,192.51,2026-09-04 08:29:42
2017-01-11,2017-01,11,11,2881.52,2098.78,261.96,2026-09-04 08:29:42
2017-01-10,2017-01,6,6,1571.17,1571.17,261.86,2026-09-04 08:29:42
2017-01-09,2017-01,5,5,774.51,774.51,154.9,2026-09-04 08:29:42
2017-01-08,2017-01,6,6,809.63,507.85,134.94,2026-09-04 08:29:42
2017-01-07,2017-01,4,4,1447.99,1447.99,362.0,2026-09-04 08:29:42
2017-01-06,2017-01,4,4,988.28,988.28,247.07,2026-09-04 08:29:42
2017-01-05,2017-01,32,32,707.27,707.27,22.1,2026-09-04 08:29:42
2016-12-23,2016-12,1,1,19.62,19.62,19.62,2026-09-04 08:29:42
2016-10-10,2016-10,37,37,4493.39,3896.73,121.44,2026-09-04 08:29:42
2016-10-09,2016-10,22,22,3294.64,3037.32,149.76,2026-09-04 08:29:42
2016-10-08,2016-10,39,39,9272.15,8475.93,237.75,2026-09-04 08:29:42
2016-10-07,2016-10,44,44,7880.34,6832.76,179.1,2026-09-04 08:29:42
2016-10-06,2016-10,48,48,7665.11,6733.52,159.69,2026-09-04 08:29:42
2016-10-05,2016-10,45,45,9849.39,7209.5,218.88,2026-09-04 08:29:42
2016-10-04,2016-10,58,58,10900.95,9821.42,187.95,2026-09-04 08:29:42
2016-10-03,2016-10,7,7,559.53,559.53,79.93,2026-09-04 08:29:42
2016-09-15,2016-09,1,1,0.0,0.0,0.0,2026-09-04 08:29:42
2016-09-04,2016-09,1,1,136.23,0.0,136.23,2026-09-04 08:29:42
