purchase_day_of_week,purchase_day_number,purchase_hour,order_count,revenue,average_order_value
Monday,0,0,328,48632.14,148.26871951219513
Monday,0,1,134,18102.83,135.09574626865674
Monday,0,2,66,8007.15,121.32045454545454
Monday,0,3,36,6848.7,190.24166666666667
Monday,0,4,21,2138.02,101.8104761904762
Monday,0,5,22,2915.84,132.5381818181818
Monday,0,6,69,7554.34,109.48318840579711
Monday,0,7,160,21839.84,136.499
Monday,0,8,479,75728.33,158.0967223382046
Monday,0,9,783,133717.71,170.7761302681992
Monday,0,10,1035,164483.7,158.92144927536233
Monday,0,11,1078,174583.57,161.95136363636365
Monday,0,12,971,158806.61,163.54954685890831
Monday,0,13,1027,164088.24,159.7743330087634
Monday,0,14,1096,182390.45,166.41464416058395
Monday,0,15,1079,176517.74,163.59382761816497
Monday,0,16,1094,175954.63,160.836042047532
Monday,0,17,992,158050.35,159.3249495967742
Monday,0,18,928,147894.01,159.3685452586207
Monday,0,19,945,158628.5,167.86084656084657
Monday,0,20,1027,167668.44,163.26040895813048
Monday,0,21,1118,179942.31,160.9501878354204
Monday,0,22,991,170609.01,172.1584359233098
Monday,0,23,717,117355.51,163.6757461645746
Tuesday,1,0,306,48207.45,157.5406862745098
Tuesday,1,1,158,24007.65,151.94715189873418
Tuesday,1,2,80,9872.94,123.41175000000001
Tuesday,1,3,28,5766.0199999999995,205.9292857142857
Tuesday,1,4,29,4261.12,146.9351724137931
Tuesday,1,5,24,2484.91,103.53791666666666
Tuesday,1,6,71,9440.9,132.97042253521127
Tuesday,1,7,223,30433.23,136.47188340807173
Tuesday,1,8,522,74394.34,142.51789272030652
Tuesday,1,9,864,145074.68,167.91050925925924
Tuesday,1,10,967,159230.97,164.6649120992761
Tuesday,1,11,1056,166978.59,158.12366477272727
Tuesday,1,12,898,145059.11000000002,161.53575723830735
Tuesday,1,13,1045,166587.7,159.41406698564595
Tuesday,1,14,1124,187921.29,167.18975978647688
Tuesday,1,15,1047,162929.88,155.6159312320917
Tuesday,1,16,1081,176443.45,163.22243293246996
Tuesday,1,17,967,158300.41,163.70259565667013
Tuesday,1,18,877,141374.54,161.20244013683012
Tuesday,1,19,924,145684.83,157.66756493506492
Tuesday,1,20,988,166249.21,168.26843117408907
Tuesday,1,21,1027,165564.83,161.21210321324244
Tuesday,1,22,965,156997.21,162.69140932642486
Tuesday,1,23,692,107477.77,155.31469653179192
Wednesday,2,0,397,65396.56,164.72685138539043
Wednesday,2,1,179,25958.21,145.01793296089386
Wednesday,2,2,81,10306.86,127.24518518518519
Wednesday,2,3,33,4443.78,134.66
Wednesday,2,4,33,3377.5,102.34848484848484
Wednesday,2,5,27,3150.76,116.69481481481482
Wednesday,2,6,93,11705.25,125.86290322580645
Wednesday,2,7,211,32359.82,153.3640758293839
Wednesday,2,8,517,83027.23,160.59425531914894
Wednesday,2,9,829,144428.34,174.2199517490953
Wednesday,2,10,1042,172449.35,165.49841650671786
Wednesday,2,11,1062,168592.2,158.7497175141243
Wednesday,2,12,919,144798.15,157.56055495103374
Wednesday,2,13,1029,161233.11,156.68912536443148
Wednesday,2,14,1050,178486.38999999998,169.9870380952381
Wednesday,2,15,983,159620.54,162.38101729399799
Wednesday,2,16,1040,177156.97,170.3432403846154
Wednesday,2,17,967,157780.54,163.16498448810756
Wednesday,2,18,852,158587.74,186.13584507042253
Wednesday,2,19,848,131257.76,154.78509433962265
Wednesday,2,20,904,136209.9,150.67466814159292
Wednesday,2,21,963,146214.68,151.83248182762202
Wednesday,2,22,878,131370.59,149.62481776765375
Wednesday,2,23,615,85202.43,138.54053658536583
Thursday,3,0,355,57775.64,162.74828169014086
Thursday,3,1,167,22298.39,133.52329341317366
Thursday,3,2,75,10521.75,140.29
Thursday,3,3,39,5400.55,138.47564102564104
Thursday,3,4,31,4530.63,146.14935483870968
Thursday,3,5,28,3153.73,112.63321428571429
Thursday,3,6,85,9907.6,116.56
Thursday,3,7,220,35456.98,161.16809090909092
Thursday,3,8,502,80435.31,160.22970119521912
Thursday,3,9,758,118814.5,156.74736147757255
Thursday,3,10,984,155415.13,157.94220528455284
Thursday,3,11,960,152695.49,159.0578020833333
Thursday,3,12,983,175347.75,178.38021363173957
Thursday,3,13,986,153308.44,155.4852332657201
Thursday,3,14,977,154372.37,158.00651995905832
Thursday,3,15,928,152104.33,163.90552801724135
Thursday,3,16,1077,172923.66,160.56050139275766
Thursday,3,17,909,146707.76,161.39467546754676
Thursday,3,18,784,133651.3,170.4735969387755
Thursday,3,19,826,139903.51,169.37470944309928
Thursday,3,20,839,138105.63,164.60742550655542
Thursday,3,21,840,136447.33,162.4372976190476
Thursday,3,22,857,139419.93,162.68369894982496
Thursday,3,23,551,85846.51,155.8012885662432
Friday,4,0,426,67820.51,159.20307511737087
Friday,4,1,216,40519.12,187.58851851851853
Friday,4,2,72,7060.85,98.06736111111111
Friday,4,3,49,5663.93,115.59040816326531
Friday,4,4,40,5142.38,128.5595
Friday,4,5,36,7655.93,212.66472222222222
Friday,4,6,97,14329.31,147.72484536082473
Friday,4,7,206,27021.58,131.17271844660195
Friday,4,8,493,75925.85,154.00780933062882
Friday,4,9,768,123502.1,160.81002604166667
Friday,4,10,956,154536.72,161.64928870292889
Friday,4,11,990,160959.56,162.58541414141413
Friday,4,12,855,137984.28,161.38512280701755
Friday,4,13,1002,163652.22,163.32556886227545
Friday,4,14,961,165045.47,171.74346514047866
Friday,4,15,979,170390.53,174.04548518896834
Friday,4,16,974,179266.15,184.0514887063655
Friday,4,17,817,127291.37,155.80339045287636
Friday,4,18,723,125846.93,174.0621438450899
Friday,4,19,784,128446.29,163.83455357142856
Friday,4,20,738,116164.52,157.40449864498646
Friday,4,21,726,114083.69,157.1400688705234
Friday,4,22,702,110082.41,156.81254985754987
Friday,4,23,512,78736.5,153.7822265625
Saturday,5,0,315,44366.22,140.84514285714286
Saturday,5,1,175,24262.22,138.64125714285714
Saturday,5,2,67,8286.66,123.68149253731343
Saturday,5,3,43,4333.35,100.77558139534885
Saturday,5,4,25,5219.08,208.76319999999998
Saturday,5,5,24,3249.49,135.39541666666665
Saturday,5,6,53,9882.51,186.46245283018868
Saturday,5,7,106,17641.24,166.4267924528302
Saturday,5,8,249,38388.34,154.17004016064254
Saturday,5,9,434,71381.07,164.47251152073736
Saturday,5,10,662,108292.76,163.58422960725073
Saturday,5,11,711,107074.51,150.59706047819972
Saturday,5,12,691,125398.52,181.47397973950797
Saturday,5,13,706,113309.48,160.49501416430596
Saturday,5,14,677,127808.48,188.78652880354505
Saturday,5,15,722,123946.27,171.67073407202216
Saturday,5,16,697,113616.0,163.00717360114777
Saturday,5,17,701,112367.62,160.29617689015691
Saturday,5,18,710,116046.39,163.44561971830987
Saturday,5,19,756,120610.35,159.5375
Saturday,5,20,730,127248.24,174.31265753424657
Saturday,5,21,654,102593.72,156.87113149847096
Saturday,5,22,550,82841.84,150.62152727272726
Saturday,5,23,429,60263.32,140.4739393939394
Sunday,6,0,267,42231.35,158.16985018726592
Sunday,6,1,141,20820.0,147.6595744680851
Sunday,6,2,69,12150.76,176.09797101449277
Sunday,6,3,44,9457.71,214.94795454545454
Sunday,6,4,27,3914.48,144.98074074074074
Sunday,6,5,27,3605.5699999999997,133.53962962962962
Sunday,6,6,34,4864.46,143.07235294117646
Sunday,6,7,105,17854.9,170.04666666666668
Sunday,6,8,205,35273.520000000004,172.06595121951221
Sunday,6,9,349,62963.56,180.41134670487105
Sunday,6,10,531,79057.5,148.88418079096044
Sunday,6,11,721,103614.08,143.70884882108183
Sunday,6,12,678,108460.37,159.9710471976401
Sunday,6,13,723,107703.66,148.96771784232365
Sunday,6,14,684,113753.53,166.30633040935672
Sunday,6,15,716,117506.49,164.1152094972067
Sunday,6,16,712,105179.57,147.72411516853933
Sunday,6,17,797,127328.17,159.75930991217064
Sunday,6,18,895,138275.7,154.49798882681566
Sunday,6,19,899,144943.88,161.2278976640712
Sunday,6,20,967,155117.41,160.4109720785936
Sunday,6,21,889,139557.62,156.9826996625422
Sunday,6,22,873,130346.29,149.30846506300114
Sunday,6,23,607,88475.78,145.75911037891268
